OrderID,CustomerID,Ημερομηνία_Παραγγελίας,Ημερομηνία_Αποστολής,Κατάσταση,Παράδοση_Επιτυχής,Κόστος_Αποστολής,ΦΠΑ,Σημειώσεις
ORD000001,CUST00090,2023-01-04,2023-01-06,Εκκρεμής,False,2.9,0.24,
ORD000002,CUST00024,2023-09-29,2023-10-01,Ακυρωμένη,False,7.9,0.24,Ευαίσθητο προϊόν
ORD000003,CUST00095,2023-06-09,2023-06-15,Αποστολή,True,13.48,0.24,Ευαίσθητο προϊόν
ORD000004,CUST00041,2023-11-13,2023-11-14,Ολοκληρωμένη,False,7.76,0.24,Γρήγορη αποστολή
ORD000005,CUST00125,2023-11-07,2023-11-11,Ακυρωμένη,False,4.8,0.24,
ORD000006,CUST00030,2023-06-26,2023-06-30,Ολοκληρωμένη,False,10.82,0.24,
ORD000007,CUST00125,2023-09-27,2023-10-03,Αποστολή,True,4.87,0.24,
ORD000008,CUST00015,2023-01-04,2023-01-06,Αποστολή,True,11.98,0.24,Δώρο
ORD000009,CUST00075,2023-06-17,2023-06-18,Ολοκληρωμένη,False,11.71,0.24,Ευαίσθητο προϊόν
ORD000010,CUST00034,2023-07-14,2023-07-19,Εκκρεμής,False,2.94,0.24,
ORD000011,CUST00112,2023-01-10,2023-01-14,Ολοκληρωμένη,False,9.48,0.24,
ORD000012,CUST00104,2023-12-30,2024-01-05,Ακυρωμένη,False,3.5,0.24,
ORD000013,CUST00084,2023-03-29,2023-04-05,Ακυρωμένη,False,3.15,0.24,
ORD000014,CUST00063,2023-08-12,2023-08-17,Ακυρωμένη,True,7.14,0.24,Δώρο
ORD000015,CUST00191,2023-06-23,2023-06-25,Αποστολή,True,2.99,0.24,
ORD000016,CUST00136,2023-09-19,2023-09-21,Αποστολή,False,11.46,0.24,Ευαίσθητο προϊόν
ORD000017,CUST00061,2023-02-22,2023-02-24,Αποστολή,True,4.26,0.24,Ευαίσθητο προϊόν
ORD000018,CUST00195,2023-12-02,2023-12-03,Εκκρεμής,False,8.03,0.24,
ORD000019,CUST00195,2023-10-24,2023-10-28,Αποστολή,False,3.96,0.24,
ORD000020,CUST00121,2023-08-15,2023-08-21,Αποστολή,False,9.69,0.24,Δώρο
ORD000021,CUST00130,2023-02-07,2023-02-10,Ακυρωμένη,False,2.49,0.24,Δώρο
ORD000022,CUST00074,2023-02-09,2023-02-15,Ολοκληρωμένη,False,8.02,0.24,
ORD000023,CUST00190,2023-01-22,2023-01-26,Εκκρεμής,False,9.87,0.24,
ORD000024,CUST00039,2023-02-01,2023-02-05,Ολοκληρωμένη,False,14.77,0.24,
ORD000025,CUST00130,2023-11-27,2023-11-29,Ολοκληρωμένη,True,11.2,0.24,Γρήγορη αποστολή
ORD000026,CUST00135,2023-09-25,2023-09-30,Εκκρεμής,False,6.85,0.24,Δώρο
ORD000027,CUST00100,2023-07-29,2023-08-05,Αποστολή,True,12.26,0.24,Δώρο
ORD000028,CUST00017,2023-06-18,2023-06-19,Ακυρωμένη,False,5.28,0.24,
ORD000029,CUST00039,2023-06-20,2023-06-21,Εκκρεμής,False,6.03,0.24,Γρήγορη αποστολή
ORD000030,CUST00034,2023-11-01,2023-11-07,Ολοκληρωμένη,False,9.27,0.24,Δώρο
ORD000031,CUST00033,2023-12-10,2023-12-16,Ολοκληρωμένη,False,8.61,0.24,
ORD000032,CUST00093,2023-06-08,2023-06-10,Εκκρεμής,False,14.32,0.24,Γρήγορη αποστολή
ORD000033,CUST00050,2023-04-26,2023-04-28,Εκκρεμής,True,5.85,0.24,
ORD000034,CUST00130,2023-10-04,2023-10-11,Ολοκληρωμένη,False,13.39,0.24,
ORD000035,CUST00034,2023-11-02,2023-11-06,Εκκρεμής,True,4.35,0.24,
ORD000036,CUST00043,2023-08-13,2023-08-14,Ακυρωμένη,False,10.79,0.24,Ευαίσθητο προϊόν
ORD000037,CUST00114,2023-11-09,2023-11-12,Ακυρωμένη,True,8.94,0.24,Δώρο
ORD000038,CUST00121,2023-04-10,2023-04-13,Ακυρωμένη,False,12.0,0.24,Γρήγορη αποστολή
ORD000039,CUST00129,2023-09-28,2023-10-02,Εκκρεμής,True,12.42,0.24,Ευαίσθητο προϊόν
ORD000040,CUST00065,2023-01-27,2023-02-02,Ακυρωμένη,False,9.21,0.24,
ORD000041,CUST00183,2023-09-22,2023-09-29,Ολοκληρωμένη,False,3.09,0.24,Ευαίσθητο προϊόν
ORD000042,CUST00070,2023-08-19,2023-08-24,Εκκρεμής,False,3.19,0.24,Ευαίσθητο προϊόν
ORD000043,CUST00116,2023-06-28,2023-06-29,Ακυρωμένη,True,7.15,0.24,Δώρο
ORD000044,CUST00061,2023-07-17,2023-07-18,Αποστολή,True,2.37,0.24,
ORD000045,CUST00183,2023-11-29,2023-12-02,Εκκρεμής,True,2.5,0.24,Γρήγορη αποστολή
ORD000046,CUST00179,2023-03-13,2023-03-20,Ακυρωμένη,False,10.0,0.24,
ORD000047,CUST00005,2023-05-12,2023-05-14,Εκκρεμής,False,3.45,0.24,Δώρο
ORD000048,CUST00061,2023-06-04,2023-06-05,Ολοκληρωμένη,True,7.46,0.24,
ORD000049,CUST00118,2023-02-02,2023-02-03,Ακυρωμένη,True,10.22,0.24,
ORD000050,CUST00062,2023-03-15,2023-03-18,Ακυρωμένη,True,9.99,0.24,Ευαίσθητο προϊόν
ORD000051,CUST00147,2023-08-02,2023-08-04,Ολοκληρωμένη,False,2.88,0.24,
ORD000052,CUST00140,2023-09-17,2023-09-24,Ολοκληρωμένη,False,13.35,0.24,
ORD000053,CUST00163,2023-07-18,2023-07-21,Αποστολή,True,6.64,0.24,
ORD000054,CUST00089,2023-05-04,2023-05-10,Ολοκληρωμένη,False,3.73,0.24,Δώρο
ORD000055,CUST00140,2023-06-23,2023-06-30,Εκκρεμής,False,14.75,0.24,Γρήγορη αποστολή
ORD000056,CUST00162,2023-04-04,2023-04-11,Εκκρεμής,True,11.31,0.24,Γρήγορη αποστολή
ORD000057,CUST00010,2023-05-31,2023-06-02,Ολοκληρωμένη,True,13.52,0.24,Δώρο
ORD000058,CUST00080,2023-09-21,2023-09-25,Ακυρωμένη,False,2.48,0.24,Ευαίσθητο προϊόν
ORD000059,CUST00074,2023-07-02,2023-07-09,Ολοκληρωμένη,False,5.55,0.24,Δώρο
ORD000060,CUST00112,2023-07-24,2023-07-30,Ακυρωμένη,False,6.41,0.24,Ευαίσθητο προϊόν
ORD000061,CUST00128,2023-12-21,2023-12-25,Αποστολή,False,12.41,0.24,Γρήγορη αποστολή
ORD000062,CUST00021,2023-08-09,2023-08-14,Εκκρεμής,False,6.18,0.24,
ORD000063,CUST00084,2023-12-05,2023-12-08,Αποστολή,False,9.83,0.24,Γρήγορη αποστολή
ORD000064,CUST00043,2023-12-20,2023-12-24,Αποστολή,False,2.55,0.24,Δώρο
ORD000065,CUST00158,2023-08-11,2023-08-14,Ολοκληρωμένη,True,10.73,0.24,Γρήγορη αποστολή
ORD000066,CUST00094,2023-09-20,2023-09-27,Εκκρεμής,True,3.86,0.24,
ORD000067,CUST00174,2023-08-13,2023-08-14,Εκκρεμής,True,5.07,0.24,Δώρο
ORD000068,CUST00093,2023-07-16,2023-07-21,Ολοκληρωμένη,True,10.83,0.24,Δώρο
ORD000069,CUST00096,2023-08-16,2023-08-23,Ολοκληρωμένη,True,8.88,0.24,Γρήγορη αποστολή
ORD000070,CUST00081,2023-11-29,2023-12-02,Εκκρεμής,True,2.34,0.24,Ευαίσθητο προϊόν
ORD000071,CUST00128,2023-09-23,2023-09-27,Ολοκληρωμένη,False,12.07,0.24,Γρήγορη αποστολή
ORD000072,CUST00055,2023-11-10,2023-11-13,Ακυρωμένη,True,3.59,0.24,
ORD000073,CUST00116,2023-03-30,2023-04-05,Ακυρωμένη,True,12.54,0.24,Δώρο
ORD000074,CUST00171,2023-06-27,2023-07-03,Ολοκληρωμένη,False,13.59,0.24,Ευαίσθητο προϊόν
ORD000075,CUST00183,2023-12-30,2024-01-05,Εκκρεμής,False,8.61,0.24,
ORD000076,CUST00052,2023-03-13,2023-03-15,Ακυρωμένη,True,6.69,0.24,
ORD000077,CUST00095,2023-08-28,2023-09-04,Εκκρεμής,True,2.85,0.24,Γρήγορη αποστολή
ORD000078,CUST00184,2023-09-03,2023-09-08,Ακυρωμένη,False,12.7,0.24,
ORD000079,CUST00033,2023-06-12,2023-06-18,Ολοκληρωμένη,False,8.06,0.24,
ORD000080,CUST00089,2023-03-07,2023-03-14,Εκκρεμής,True,7.62,0.24,
ORD000081,CUST00032,2023-09-23,2023-09-25,Αποστολή,True,4.11,0.24,Ευαίσθητο προϊόν
ORD000082,CUST00089,2023-09-23,2023-09-26,Ολοκληρωμένη,False,4.55,0.24,
ORD000083,CUST00071,2023-03-06,2023-03-12,Αποστολή,True,8.53,0.24,Ευαίσθητο προϊόν
ORD000084,CUST00152,2023-10-25,2023-10-27,Εκκρεμής,False,12.95,0.24,
ORD000085,CUST00011,2023-01-15,2023-01-16,Ολοκληρωμένη,False,10.46,0.24,
ORD000086,CUST00107,2023-11-13,2023-11-19,Ολοκληρωμένη,False,13.56,0.24,
ORD000087,CUST00075,2023-11-25,2023-11-28,Ακυρωμένη,True,12.46,0.24,Γρήγορη αποστολή
ORD000088,CUST00077,2023-08-21,2023-08-22,Ολοκληρωμένη,True,7.71,0.24,Γρήγορη αποστολή
ORD000089,CUST00119,2023-04-15,2023-04-18,Εκκρεμής,False,13.2,0.24,Δώρο
ORD000090,CUST00188,2023-06-26,2023-06-30,Εκκρεμής,False,8.69,0.24,
ORD000091,CUST00082,2023-05-04,2023-05-08,Ολοκληρωμένη,False,7.84,0.24,Ευαίσθητο προϊόν
ORD000092,CUST00025,2023-01-26,2023-01-29,Ακυρωμένη,False,5.23,0.24,Ευαίσθητο προϊόν
ORD000093,CUST00084,2023-10-23,2023-10-29,Αποστολή,True,11.92,0.24,Γρήγορη αποστολή
ORD000094,CUST00132,2023-08-28,2023-09-01,Αποστολή,False,2.3,0.24,Γρήγορη αποστολή
ORD000095,CUST00130,2023-08-23,2023-08-25,Εκκρεμής,False,2.63,0.24,Δώρο
ORD000096,CUST00127,2023-11-02,2023-11-09,Ακυρωμένη,False,8.98,0.24,
ORD000097,CUST00111,2023-03-10,2023-03-13,Αποστολή,False,6.76,0.24,Γρήγορη αποστολή
ORD000098,CUST00014,2023-10-19,2023-10-24,Εκκρεμής,False,9.19,0.24,
ORD000099,CUST00099,2023-09-16,2023-09-20,Αποστολή,True,3.67,0.24,
ORD000100,CUST00101,2023-07-11,2023-07-18,Αποστολή,False,11.81,0.24,Ευαίσθητο προϊόν
ORD000101,CUST00155,2023-09-18,2023-09-22,Ολοκληρωμένη,True,2.51,0.24,Δώρο
ORD000102,CUST00122,2023-09-23,2023-09-27,Εκκρεμής,True,6.26,0.24,
ORD000103,CUST00082,2023-03-25,2023-03-29,Αποστολή,False,8.6,0.24,
ORD000104,CUST00137,2023-09-08,2023-09-14,Αποστολή,False,12.6,0.24,Δώρο
ORD000105,CUST00085,2023-12-11,2023-12-12,Ακυρωμένη,False,12.36,0.24,
ORD000106,CUST00153,2023-08-31,2023-09-03,Εκκρεμής,True,9.59,0.24,Ευαίσθητο προϊόν
ORD000107,CUST00135,2023-11-19,2023-11-25,Ακυρωμένη,True,12.68,0.24,Ευαίσθητο προϊόν
ORD000108,CUST00009,2023-10-21,2023-10-27,Ολοκληρωμένη,True,2.25,0.24,Δώρο
ORD000109,CUST00108,2023-03-19,2023-03-23,Εκκρεμής,False,8.52,0.24,
ORD000110,CUST00121,2023-02-01,2023-02-07,Εκκρεμής,True,9.29,0.24,Γρήγορη αποστολή
ORD000111,CUST00135,2023-07-12,2023-07-15,Εκκρεμής,False,13.86,0.24,Δώρο
ORD000112,CUST00140,2023-07-01,2023-07-07,Αποστολή,False,4.5,0.24,Ευαίσθητο προϊόν
ORD000113,CUST00072,2023-10-13,2023-10-16,Εκκρεμής,False,12.03,0.24,Ευαίσθητο προϊόν
ORD000114,CUST00177,2023-12-27,2023-12-31,Αποστολή,False,6.53,0.24,Δώρο
ORD000115,CUST00074,2023-03-04,2023-03-09,Ακυρωμένη,False,12.64,0.24,Ευαίσθητο προϊόν
ORD000116,CUST00075,2023-01-22,2023-01-25,Ολοκληρωμένη,False,14.01,0.24,Δώρο
ORD000117,CUST00192,2023-09-03,2023-09-05,Εκκρεμής,False,14.13,0.24,Δώρο
ORD000118,CUST00036,2023-02-25,2023-03-02,Εκκρεμής,True,2.66,0.24,
ORD000119,CUST00058,2023-11-23,2023-11-25,Ολοκληρωμένη,True,7.37,0.24,Γρήγορη αποστολή
ORD000120,CUST00026,2023-12-15,2023-12-22,Εκκρεμής,True,14.54,0.24,Ευαίσθητο προϊόν
ORD000121,CUST00105,2023-12-01,2023-12-05,Ακυρωμένη,True,11.83,0.24,Δώρο
ORD000122,CUST00083,2023-05-27,2023-06-02,Ολοκληρωμένη,True,10.48,0.24,Ευαίσθητο προϊόν
ORD000123,CUST00137,2023-01-20,2023-01-22,Ακυρωμένη,True,14.14,0.24,
ORD000124,CUST00102,2023-09-11,2023-09-13,Αποστολή,True,2.12,0.24,
ORD000125,CUST00155,2023-02-24,2023-02-27,Αποστολή,False,14.86,0.24,
ORD000126,CUST00135,2023-09-10,2023-09-12,Ακυρωμένη,False,4.51,0.24,
ORD000127,CUST00085,2023-03-25,2023-03-31,Ακυρωμένη,False,11.34,0.24,
ORD000128,CUST00189,2023-06-22,2023-06-29,Αποστολή,True,4.28,0.24,Γρήγορη αποστολή
ORD000129,CUST00110,2023-09-21,2023-09-24,Ολοκληρωμένη,False,10.7,0.24,Ευαίσθητο προϊόν
ORD000130,CUST00036,2023-09-02,2023-09-05,Εκκρεμής,True,5.39,0.24,Ευαίσθητο προϊόν
ORD000131,CUST00115,2023-05-17,2023-05-20,Αποστολή,True,5.4,0.24,Δώρο
ORD000132,CUST00178,2023-05-01,2023-05-02,Ολοκληρωμένη,False,5.99,0.24,Γρήγορη αποστολή
ORD000133,CUST00176,2023-09-15,2023-09-21,Αποστολή,True,10.3,0.24,Δώρο
ORD000134,CUST00095,2023-11-11,2023-11-13,Εκκρεμής,True,8.22,0.24,Γρήγορη αποστολή
ORD000135,CUST00192,2023-11-07,2023-11-10,Ακυρωμένη,False,11.85,0.24,Ευαίσθητο προϊόν
ORD000136,CUST00196,2023-05-07,2023-05-13,Ολοκληρωμένη,False,8.87,0.24,Δώρο
ORD000137,CUST00020,2023-10-16,2023-10-17,Ολοκληρωμένη,True,9.45,0.24,Ευαίσθητο προϊόν
ORD000138,CUST00043,2023-06-17,2023-06-24,Ακυρωμένη,True,10.84,0.24,
ORD000139,CUST00126,2023-02-16,2023-02-21,Ακυρωμένη,True,7.89,0.24,
ORD000140,CUST00107,2023-08-22,2023-08-27,Ολοκληρωμένη,False,10.75,0.24,Δώρο
ORD000141,CUST00186,2023-01-12,2023-01-16,Αποστολή,True,11.7,0.24,
ORD000142,CUST00019,2023-01-24,2023-01-28,Αποστολή,True,9.04,0.24,
ORD000143,CUST00018,2023-08-30,2023-08-31,Αποστολή,False,4.34,0.24,Ευαίσθητο προϊόν
ORD000144,CUST00197,2023-11-25,2023-12-01,Ακυρωμένη,False,14.91,0.24,Γρήγορη αποστολή
ORD000145,CUST00115,2023-07-13,2023-07-17,Ολοκληρωμένη,True,10.5,0.24,Δώρο
ORD000146,CUST00031,2023-04-02,2023-04-07,Ακυρωμένη,True,11.46,0.24,Ευαίσθητο προϊόν
ORD000147,CUST00001,2023-01-12,2023-01-15,Ακυρωμένη,False,8.92,0.24,Ευαίσθητο προϊόν
ORD000148,CUST00064,2023-08-24,2023-08-27,Εκκρεμής,False,4.45,0.24,
ORD000149,CUST00009,2023-12-05,2023-12-09,Ολοκληρωμένη,True,4.68,0.24,
ORD000150,CUST00153,2023-01-18,2023-01-22,Ολοκληρωμένη,True,11.63,0.24,Γρήγορη αποστολή
ORD000151,CUST00113,2023-04-30,2023-05-05,Εκκρεμής,True,3.82,0.24,Δώρο
ORD000152,CUST00060,2023-10-22,2023-10-25,Αποστολή,True,5.92,0.24,Ευαίσθητο προϊόν
ORD000153,CUST00170,2023-09-24,2023-09-26,Ακυρωμένη,False,5.58,0.24,
ORD000154,CUST00152,2023-03-31,2023-04-06,Ακυρωμένη,False,2.61,0.24,Δώρο
ORD000155,CUST00165,2023-12-10,2023-12-14,Αποστολή,False,7.31,0.24,Δώρο
ORD000156,CUST00097,2023-04-05,2023-04-12,Ακυρωμένη,True,13.04,0.24,Δώρο
ORD000157,CUST00182,2023-03-15,2023-03-22,Ακυρωμένη,True,9.31,0.24,Γρήγορη αποστολή
ORD000158,CUST00143,2023-09-29,2023-10-01,Ακυρωμένη,True,5.31,0.24,Δώρο
ORD000159,CUST00166,2023-02-10,2023-02-14,Αποστολή,True,8.96,0.24,Ευαίσθητο προϊόν
ORD000160,CUST00014,2023-05-18,2023-05-22,Ολοκληρωμένη,True,4.45,0.24,
ORD000161,CUST00186,2023-12-10,2023-12-15,Εκκρεμής,False,4.72,0.24,Δώρο
ORD000162,CUST00078,2023-01-08,2023-01-10,Εκκρεμής,True,11.71,0.24,Γρήγορη αποστολή
ORD000163,CUST00063,2023-12-23,2023-12-28,Εκκρεμής,False,13.9,0.24,
ORD000164,CUST00083,2023-05-25,2023-05-29,Ακυρωμένη,False,6.01,0.24,Δώρο
ORD000165,CUST00132,2023-09-12,2023-09-16,Ολοκληρωμένη,False,11.9,0.24,Δώρο
ORD000166,CUST00053,2023-07-09,2023-07-12,Ακυρωμένη,True,9.31,0.24,Ευαίσθητο προϊόν
ORD000167,CUST00190,2023-03-16,2023-03-17,Αποστολή,False,5.84,0.24,Ευαίσθητο προϊόν
ORD000168,CUST00085,2023-04-28,2023-05-02,Εκκρεμής,False,9.16,0.24,Δώρο
ORD000169,CUST00066,2023-09-08,2023-09-14,Ακυρωμένη,False,4.19,0.24,Δώρο
ORD000170,CUST00044,2023-03-13,2023-03-19,Ακυρωμένη,True,13.92,0.24,
ORD000171,CUST00165,2023-01-31,2023-02-05,Ολοκληρωμένη,True,14.29,0.24,
ORD000172,CUST00196,2023-01-04,2023-01-08,Εκκρεμής,True,2.88,0.24,Ευαίσθητο προϊόν
ORD000173,CUST00003,2023-04-22,2023-04-27,Ακυρωμένη,False,2.79,0.24,
ORD000174,CUST00124,2023-12-04,2023-12-08,Ολοκληρωμένη,True,8.92,0.24,Γρήγορη αποστολή
ORD000175,CUST00004,2023-01-09,2023-01-14,Αποστολή,False,2.22,0.24,Γρήγορη αποστολή
ORD000176,CUST00046,2023-02-24,2023-02-25,Εκκρεμής,True,4.5,0.24,
ORD000177,CUST00065,2023-07-01,2023-07-04,Ακυρωμένη,True,6.85,0.24,Γρήγορη αποστολή
ORD000178,CUST00118,2023-10-17,2023-10-19,Εκκρεμής,False,10.89,0.24,
ORD000179,CUST00168,2023-11-29,2023-12-06,Ολοκληρωμένη,True,7.27,0.24,Γρήγορη αποστολή
ORD000180,CUST00142,2023-09-01,2023-09-02,Ολοκληρωμένη,True,3.07,0.24,Γρήγορη αποστολή
ORD000181,CUST00166,2023-06-19,2023-06-24,Ολοκληρωμένη,True,4.99,0.24,
ORD000182,CUST00122,2023-05-19,2023-05-20,Ολοκληρωμένη,False,13.69,0.24,
ORD000183,CUST00169,2023-01-17,2023-01-19,Αποστολή,True,14.5,0.24,
ORD000184,CUST00037,2023-12-31,2024-01-07,Ακυρωμένη,True,5.89,0.24,
ORD000185,CUST00062,2023-10-18,2023-10-25,Ακυρωμένη,False,6.99,0.24,Ευαίσθητο προϊόν
ORD000186,CUST00177,2023-02-10,2023-02-15,Αποστολή,True,3.27,0.24,Ευαίσθητο προϊόν
ORD000187,CUST00020,2023-06-24,2023-06-29,Ακυρωμένη,False,2.39,0.24,Δώρο
ORD000188,CUST00116,2023-09-09,2023-09-11,Αποστολή,False,7.61,0.24,
ORD000189,CUST00170,2023-07-14,2023-07-15,Αποστολή,True,11.27,0.24,
ORD000190,CUST00069,2023-03-20,2023-03-24,Εκκρεμής,False,6.12,0.24,
ORD000191,CUST00024,2023-01-03,2023-01-06,Ακυρωμένη,False,11.9,0.24,
ORD000192,CUST00034,2023-02-14,2023-02-16,Ακυρωμένη,False,9.24,0.24,
ORD000193,CUST00105,2023-02-22,2023-02-23,Ολοκληρωμένη,False,9.2,0.24,
ORD000194,CUST00154,2023-06-16,2023-06-23,Ακυρωμένη,True,5.79,0.24,Γρήγορη αποστολή
ORD000195,CUST00200,2023-02-13,2023-02-19,Εκκρεμής,True,10.91,0.24,Ευαίσθητο προϊόν
ORD000196,CUST00036,2023-05-18,2023-05-21,Αποστολή,False,3.9,0.24,Ευαίσθητο προϊόν
ORD000197,CUST00112,2023-05-22,2023-05-26,Αποστολή,False,12.17,0.24,Δώρο
ORD000198,CUST00065,2023-05-07,2023-05-13,Ακυρωμένη,True,7.95,0.24,Ευαίσθητο προϊόν
ORD000199,CUST00078,2023-01-04,2023-01-08,Αποστολή,False,12.45,0.24,Δώρο
ORD000200,CUST00113,2023-06-21,2023-06-25,Εκκρεμής,False,6.17,0.24,Ευαίσθητο προϊόν
ORD000201,CUST00123,2023-06-10,2023-06-12,Ακυρωμένη,False,5.79,0.24,Γρήγορη αποστολή
ORD000202,CUST00148,2023-05-05,2023-05-08,Ακυρωμένη,False,12.61,0.24,Γρήγορη αποστολή
ORD000203,CUST00094,2023-02-28,2023-03-05,Εκκρεμής,True,10.86,0.24,
ORD000204,CUST00007,2023-08-25,2023-08-31,Εκκρεμής,False,12.37,0.24,
ORD000205,CUST00105,2023-12-11,2023-12-15,Εκκρεμής,False,5.15,0.24,Ευαίσθητο προϊόν
ORD000206,CUST00184,2023-08-05,2023-08-12,Ακυρωμένη,True,7.84,0.24,
ORD000207,CUST00123,2023-10-26,2023-10-30,Ακυρωμένη,True,12.28,0.24,Δώρο
ORD000208,CUST00180,2023-10-02,2023-10-07,Ολοκληρωμένη,True,12.0,0.24,Δώρο
ORD000209,CUST00043,2023-11-28,2023-12-03,Ολοκληρωμένη,False,14.57,0.24,Δώρο
ORD000210,CUST00111,2023-02-24,2023-02-25,Ολοκληρωμένη,False,4.89,0.24,
ORD000211,CUST00143,2023-10-25,2023-10-31,Εκκρεμής,False,6.86,0.24,Γρήγορη αποστολή
ORD000212,CUST00198,2023-12-14,2023-12-19,Εκκρεμής,False,14.97,0.24,Γρήγορη αποστολή
ORD000213,CUST00027,2023-06-01,2023-06-05,Ολοκληρωμένη,True,12.81,0.24,Ευαίσθητο προϊόν
ORD000214,CUST00090,2023-06-09,2023-06-12,Ακυρωμένη,True,8.77,0.24,Δώρο
ORD000215,CUST00122,2023-02-19,2023-02-23,Ακυρωμένη,False,2.87,0.24,
ORD000216,CUST00182,2023-02-28,2023-03-01,Αποστολή,True,10.8,0.24,Ευαίσθητο προϊόν
ORD000217,CUST00190,2023-05-05,2023-05-10,Εκκρεμής,True,6.3,0.24,Γρήγορη αποστολή
ORD000218,CUST00119,2023-04-29,2023-05-06,Ακυρωμένη,True,4.42,0.24,Γρήγορη αποστολή
ORD000219,CUST00102,2023-01-15,2023-01-21,Εκκρεμής,False,9.7,0.24,Γρήγορη αποστολή
ORD000220,CUST00002,2023-12-27,2023-12-29,Εκκρεμής,False,11.78,0.24,
ORD000221,CUST00148,2023-02-22,2023-03-01,Εκκρεμής,False,6.24,0.24,Γρήγορη αποστολή
ORD000222,CUST00030,2023-05-15,2023-05-21,Ακυρωμένη,False,9.76,0.24,
ORD000223,CUST00101,2023-10-28,2023-10-29,Αποστολή,False,12.99,0.24,
ORD000224,CUST00045,2023-12-11,2023-12-17,Αποστολή,True,10.74,0.24,Δώρο
ORD000225,CUST00031,2023-05-03,2023-05-06,Ολοκληρωμένη,True,6.85,0.24,Ευαίσθητο προϊόν
ORD000226,CUST00131,2023-07-18,2023-07-22,Εκκρεμής,False,7.5,0.24,Γρήγορη αποστολή
ORD000227,CUST00163,2023-10-03,2023-10-09,Εκκρεμής,True,8.37,0.24,Ευαίσθητο προϊόν
ORD000228,CUST00048,2023-06-11,2023-06-18,Ακυρωμένη,True,13.25,0.24,
ORD000229,CUST00125,2023-03-11,2023-03-13,Ακυρωμένη,False,7.32,0.24,Γρήγορη αποστολή
ORD000230,CUST00107,2023-12-30,2024-01-06,Ακυρωμένη,False,4.17,0.24,
ORD000231,CUST00008,2023-04-23,2023-04-26,Ολοκληρωμένη,False,4.92,0.24,Δώρο
ORD000232,CUST00044,2023-08-23,2023-08-28,Ακυρωμένη,True,9.45,0.24,Δώρο
ORD000233,CUST00199,2023-10-06,2023-10-13,Αποστολή,True,11.88,0.24,Γρήγορη αποστολή
ORD000234,CUST00140,2023-04-22,2023-04-26,Ολοκληρωμένη,True,5.87,0.24,
ORD000235,CUST00116,2023-05-15,2023-05-18,Ολοκληρωμένη,False,13.25,0.24,
ORD000236,CUST00199,2023-05-02,2023-05-04,Αποστολή,False,4.16,0.24,Ευαίσθητο προϊόν
ORD000237,CUST00053,2023-04-16,2023-04-23,Ολοκληρωμένη,False,8.92,0.24,
ORD000238,CUST00138,2023-03-28,2023-03-31,Αποστολή,False,9.45,0.24,
ORD000239,CUST00174,2023-02-18,2023-02-20,Ακυρωμένη,True,14.9,0.24,Ευαίσθητο προϊόν
ORD000240,CUST00180,2023-03-09,2023-03-11,Εκκρεμής,False,12.77,0.24,Γρήγορη αποστολή
ORD000241,CUST00126,2023-03-14,2023-03-19,Αποστολή,False,6.88,0.24,
ORD000242,CUST00163,2023-02-17,2023-02-21,Αποστολή,False,7.91,0.24,Γρήγορη αποστολή
ORD000243,CUST00084,2023-10-25,2023-10-26,Ολοκληρωμένη,False,10.25,0.24,Δώρο
ORD000244,CUST00017,2023-10-01,2023-10-05,Εκκρεμής,False,12.72,0.24,Γρήγορη αποστολή
ORD000245,CUST00069,2023-06-15,2023-06-22,Αποστολή,False,9.12,0.24,Ευαίσθητο προϊόν
ORD000246,CUST00145,2023-09-06,2023-09-13,Αποστολή,True,2.6,0.24,Γρήγορη αποστολή
ORD000247,CUST00005,2023-03-05,2023-03-12,Εκκρεμής,False,7.93,0.24,Γρήγορη αποστολή
ORD000248,CUST00052,2023-12-19,2023-12-21,Αποστολή,True,13.37,0.24,Δώρο
ORD000249,CUST00024,2023-12-02,2023-12-05,Αποστολή,True,6.83,0.24,Ευαίσθητο προϊόν
ORD000250,CUST00014,2023-07-22,2023-07-28,Αποστολή,True,7.58,0.24,
ORD000251,CUST00181,2023-02-18,2023-02-19,Εκκρεμής,False,3.01,0.24,
ORD000252,CUST00058,2023-09-23,2023-09-29,Ακυρωμένη,True,2.1,0.24,Δώρο
ORD000253,CUST00031,2023-08-05,2023-08-11,Εκκρεμής,False,2.92,0.24,Γρήγορη αποστολή
ORD000254,CUST00023,2023-02-22,2023-02-23,Αποστολή,False,13.45,0.24,Ευαίσθητο προϊόν
ORD000255,CUST00098,2023-03-10,2023-03-16,Εκκρεμής,True,8.9,0.24,
ORD000256,CUST00157,2023-11-29,2023-12-01,Ακυρωμένη,False,11.39,0.24,Ευαίσθητο προϊόν
ORD000257,CUST00106,2023-11-12,2023-11-18,Ακυρωμένη,True,3.13,0.24,
ORD000258,CUST00036,2023-03-05,2023-03-10,Ακυρωμένη,False,14.52,0.24,Δώρο
ORD000259,CUST00036,2023-05-07,2023-05-10,Ολοκληρωμένη,True,9.19,0.24,
ORD000260,CUST00185,2023-11-08,2023-11-11,Ολοκληρωμένη,False,4.67,0.24,
ORD000261,CUST00131,2023-04-07,2023-04-13,Ακυρωμένη,False,10.4,0.24,Ευαίσθητο προϊόν
ORD000262,CUST00127,2023-07-17,2023-07-18,Εκκρεμής,False,10.3,0.24,
ORD000263,CUST00136,2023-01-07,2023-01-10,Αποστολή,True,7.03,0.24,
ORD000264,CUST00108,2023-07-07,2023-07-12,Εκκρεμής,False,14.41,0.24,
ORD000265,CUST00005,2023-10-28,2023-10-29,Ολοκληρωμένη,False,4.8,0.24,
ORD000266,CUST00102,2023-09-17,2023-09-20,Ακυρωμένη,False,11.12,0.24,
ORD000267,CUST00164,2023-10-02,2023-10-07,Εκκρεμής,False,3.09,0.24,
ORD000268,CUST00131,2023-04-15,2023-04-22,Εκκρεμής,False,7.08,0.24,
ORD000269,CUST00080,2023-12-24,2023-12-28,Εκκρεμής,True,5.18,0.24,Γρήγορη αποστολή
ORD000270,CUST00030,2023-08-21,2023-08-26,Ολοκληρωμένη,False,10.66,0.24,Ευαίσθητο προϊόν
ORD000271,CUST00031,2023-01-07,2023-01-13,Εκκρεμής,True,4.13,0.24,Δώρο
ORD000272,CUST00134,2023-09-22,2023-09-29,Αποστολή,True,6.83,0.24,Δώρο
ORD000273,CUST00188,2023-03-02,2023-03-09,Ολοκληρωμένη,False,12.49,0.24,Δώρο
ORD000274,CUST00135,2023-02-02,2023-02-05,Ολοκληρωμένη,False,7.92,0.24,Δώρο
ORD000275,CUST00015,2023-09-13,2023-09-20,Εκκρεμής,False,4.05,0.24,
ORD000276,CUST00147,2023-12-12,2023-12-18,Ολοκληρωμένη,True,11.63,0.24,
ORD000277,CUST00012,2023-01-07,2023-01-09,Ολοκληρωμένη,False,6.73,0.24,Ευαίσθητο προϊόν
ORD000278,CUST00046,2023-01-19,2023-01-24,Ακυρωμένη,True,6.18,0.24,Γρήγορη αποστολή
ORD000279,CUST00185,2023-06-13,2023-06-16,Ολοκληρωμένη,False,3.55,0.24,
ORD000280,CUST00046,2023-04-25,2023-05-02,Ολοκληρωμένη,False,2.9,0.24,Γρήγορη αποστολή
ORD000281,CUST00073,2023-06-09,2023-06-12,Ολοκληρωμένη,False,2.1,0.24,Ευαίσθητο προϊόν
ORD000282,CUST00075,2023-10-16,2023-10-23,Αποστολή,True,8.03,0.24,
ORD000283,CUST00127,2023-04-11,2023-04-17,Εκκρεμής,True,2.08,0.24,Γρήγορη αποστολή
ORD000284,CUST00007,2023-04-30,2023-05-05,Αποστολή,True,14.36,0.24,
ORD000285,CUST00195,2023-12-03,2023-12-07,Αποστολή,True,4.67,0.24,Ευαίσθητο προϊόν
ORD000286,CUST00108,2023-09-09,2023-09-10,Εκκρεμής,False,3.21,0.24,Ευαίσθητο προϊόν
ORD000287,CUST00134,2023-07-31,2023-08-06,Αποστολή,False,14.67,0.24,
ORD000288,CUST00149,2023-02-18,2023-02-23,Εκκρεμής,False,2.97,0.24,
ORD000289,CUST00016,2023-08-11,2023-08-17,Εκκρεμής,True,5.79,0.24,Δώρο
ORD000290,CUST00101,2023-12-25,2024-01-01,Αποστολή,False,7.89,0.24,Ευαίσθητο προϊόν
ORD000291,CUST00020,2023-04-14,2023-04-16,Ολοκληρωμένη,True,3.37,0.24,Γρήγορη αποστολή
ORD000292,CUST00120,2023-06-10,2023-06-14,Ολοκληρωμένη,False,14.54,0.24,Ευαίσθητο προϊόν
ORD000293,CUST00116,2023-06-07,2023-06-11,Αποστολή,True,3.18,0.24,Δώρο
ORD000294,CUST00181,2023-12-23,2023-12-28,Ολοκληρωμένη,True,12.87,0.24,Δώρο
ORD000295,CUST00038,2023-02-16,2023-02-22,Εκκρεμής,False,7.15,0.24,
ORD000296,CUST00174,2023-06-03,2023-06-06,Εκκρεμής,True,14.38,0.24,Γρήγορη αποστολή
ORD000297,CUST00143,2023-10-09,2023-10-11,Ολοκληρωμένη,False,3.32,0.24,Ευαίσθητο προϊόν
ORD000298,CUST00032,2023-01-07,2023-01-08,Εκκρεμής,True,4.58,0.24,Γρήγορη αποστολή
ORD000299,CUST00096,2023-12-18,2023-12-24,Ολοκληρωμένη,False,13.93,0.24,
ORD000300,CUST00006,2023-02-03,2023-02-05,Ακυρωμένη,True,3.2,0.24,Δώρο
ORD000301,CUST00032,2023-01-22,2023-01-26,Ολοκληρωμένη,True,14.01,0.24,Γρήγορη αποστολή
ORD000302,CUST00186,2023-07-22,2023-07-26,Ολοκληρωμένη,False,10.88,0.24,Ευαίσθητο προϊόν
ORD000303,CUST00091,2023-04-20,2023-04-22,Αποστολή,False,7.8,0.24,Ευαίσθητο προϊόν
ORD000304,CUST00009,2023-11-11,2023-11-16,Εκκρεμής,False,8.49,0.24,
ORD000305,CUST00123,2023-02-01,2023-02-02,Αποστολή,False,3.78,0.24,Ευαίσθητο προϊόν
ORD000306,CUST00165,2023-09-27,2023-09-29,Ολοκληρωμένη,False,12.16,0.24,Δώρο
ORD000307,CUST00123,2023-10-06,2023-10-13,Ακυρωμένη,False,13.86,0.24,
ORD000308,CUST00083,2023-07-18,2023-07-21,Εκκρεμής,True,6.15,0.24,Ευαίσθητο προϊόν
ORD000309,CUST00008,2023-05-24,2023-05-25,Ακυρωμένη,False,11.97,0.24,Ευαίσθητο προϊόν
ORD000310,CUST00041,2023-02-21,2023-02-23,Εκκρεμής,False,8.94,0.24,
ORD000311,CUST00196,2023-04-23,2023-04-28,Ακυρωμένη,False,14.16,0.24,Ευαίσθητο προϊόν
ORD000312,CUST00046,2023-05-02,2023-05-07,Αποστολή,False,13.88,0.24,
ORD000313,CUST00181,2023-12-25,2023-12-28,Εκκρεμής,True,12.88,0.24,Γρήγορη αποστολή
ORD000314,CUST00139,2023-06-08,2023-06-10,Ακυρωμένη,True,3.17,0.24,Ευαίσθητο προϊόν
ORD000315,CUST00155,2023-04-23,2023-04-24,Ακυρωμένη,True,6.31,0.24,
ORD000316,CUST00052,2023-03-08,2023-03-11,Εκκρεμής,False,2.77,0.24,Ευαίσθητο προϊόν
ORD000317,CUST00151,2023-12-27,2023-12-29,Ολοκληρωμένη,False,14.49,0.24,Δώρο
ORD000318,CUST00181,2023-12-06,2023-12-10,Ολοκληρωμένη,False,5.92,0.24,Ευαίσθητο προϊόν
ORD000319,CUST00041,2023-08-12,2023-08-19,Ακυρωμένη,False,4.26,0.24,
ORD000320,CUST00178,2023-11-11,2023-11-18,Αποστολή,True,10.65,0.24,Ευαίσθητο προϊόν
ORD000321,CUST00097,2023-06-07,2023-06-13,Αποστολή,True,4.31,0.24,
ORD000322,CUST00180,2023-10-21,2023-10-25,Ολοκληρωμένη,True,9.83,0.24,
ORD000323,CUST00057,2023-11-24,2023-11-29,Ολοκληρωμένη,False,3.83,0.24,
ORD000324,CUST00061,2023-06-27,2023-06-30,Εκκρεμής,True,12.68,0.24,Δώρο
ORD000325,CUST00115,2023-01-06,2023-01-09,Εκκρεμής,True,11.01,0.24,Δώρο
ORD000326,CUST00066,2023-02-25,2023-03-03,Ολοκληρωμένη,True,7.02,0.24,Γρήγορη αποστολή
ORD000327,CUST00043,2023-07-31,2023-08-04,Ακυρωμένη,False,9.1,0.24,
ORD000328,CUST00123,2023-10-23,2023-10-29,Εκκρεμής,True,7.87,0.24,
ORD000329,CUST00076,2023-01-11,2023-01-14,Αποστολή,True,2.96,0.24,Ευαίσθητο προϊόν
ORD000330,CUST00097,2023-03-24,2023-03-30,Ολοκληρωμένη,True,6.39,0.24,
ORD000331,CUST00124,2023-12-27,2023-12-28,Ακυρωμένη,True,9.9,0.24,Γρήγορη αποστολή
ORD000332,CUST00041,2023-01-28,2023-01-29,Αποστολή,True,14.67,0.24,Γρήγορη αποστολή
ORD000333,CUST00179,2023-10-11,2023-10-17,Αποστολή,False,5.87,0.24,
ORD000334,CUST00013,2023-07-21,2023-07-26,Ακυρωμένη,True,2.71,0.24,
ORD000335,CUST00110,2023-02-14,2023-02-17,Ακυρωμένη,True,3.26,0.24,Ευαίσθητο προϊόν
ORD000336,CUST00044,2023-11-23,2023-11-26,Ολοκληρωμένη,False,12.97,0.24,Δώρο
ORD000337,CUST00102,2023-08-30,2023-09-03,Αποστολή,True,10.34,0.24,Γρήγορη αποστολή
ORD000338,CUST00048,2023-07-09,2023-07-13,Αποστολή,True,7.8,0.24,Δώρο
ORD000339,CUST00113,2023-08-27,2023-08-30,Εκκρεμής,False,9.34,0.24,Ευαίσθητο προϊόν
ORD000340,CUST00193,2023-12-23,2023-12-29,Ολοκληρωμένη,True,10.69,0.24,
ORD000341,CUST00106,2023-10-29,2023-10-31,Ολοκληρωμένη,False,12.64,0.24,Γρήγορη αποστολή
ORD000342,CUST00138,2023-12-18,2023-12-25,Ακυρωμένη,True,8.19,0.24,
ORD000343,CUST00102,2024-01-01,2024-01-02,Εκκρεμής,True,14.34,0.24,Γρήγορη αποστολή
ORD000344,CUST00045,2023-03-27,2023-03-29,Εκκρεμής,True,2.55,0.24,
ORD000345,CUST00175,2023-08-11,2023-08-13,Εκκρεμής,False,6.16,0.24,
ORD000346,CUST00023,2023-07-18,2023-07-23,Ακυρωμένη,False,13.14,0.24,
ORD000347,CUST00118,2023-01-07,2023-01-14,Ακυρωμένη,True,7.39,0.24,Ευαίσθητο προϊόν
ORD000348,CUST00146,2023-10-29,2023-11-03,Ολοκληρωμένη,True,9.31,0.24,
ORD000349,CUST00074,2023-10-02,2023-10-05,Ακυρωμένη,False,6.98,0.24,Γρήγορη αποστολή
ORD000350,CUST00147,2023-11-08,2023-11-12,Ολοκληρωμένη,True,5.58,0.24,Ευαίσθητο προϊόν
ORD000351,CUST00159,2023-11-08,2023-11-14,Ακυρωμένη,True,7.15,0.24,Δώρο
ORD000352,CUST00177,2023-05-02,2023-05-03,Ακυρωμένη,False,13.66,0.24,
ORD000353,CUST00087,2023-06-05,2023-06-08,Αποστολή,False,13.16,0.24,
ORD000354,CUST00059,2023-03-10,2023-03-13,Ακυρωμένη,False,5.5,0.24,Γρήγορη αποστολή
ORD000355,CUST00155,2023-11-27,2023-11-28,Εκκρεμής,False,4.75,0.24,Γρήγορη αποστολή
ORD000356,CUST00190,2023-09-06,2023-09-13,Αποστολή,True,8.7,0.24,Ευαίσθητο προϊόν
ORD000357,CUST00017,2023-06-09,2023-06-15,Ακυρωμένη,True,12.15,0.24,
ORD000358,CUST00146,2023-01-15,2023-01-17,Εκκρεμής,True,12.88,0.24,Ευαίσθητο προϊόν
ORD000359,CUST00009,2023-08-22,2023-08-23,Αποστολή,True,5.56,0.24,Γρήγορη αποστολή
ORD000360,CUST00130,2023-07-23,2023-07-29,Ολοκληρωμένη,True,5.15,0.24,Γρήγορη αποστολή
ORD000361,CUST00153,2023-08-17,2023-08-19,Ακυρωμένη,False,6.48,0.24,Δώρο
ORD000362,CUST00192,2023-12-19,2023-12-20,Αποστολή,True,7.03,0.24,Ευαίσθητο προϊόν
ORD000363,CUST00147,2023-04-20,2023-04-27,Εκκρεμής,True,10.81,0.24,Δώρο
ORD000364,CUST00167,2023-07-29,2023-08-03,Ολοκληρωμένη,True,8.16,0.24,Ευαίσθητο προϊόν
ORD000365,CUST00166,2023-03-30,2023-04-04,Ολοκληρωμένη,True,5.28,0.24,Δώρο
ORD000366,CUST00183,2023-12-30,2024-01-05,Αποστολή,False,13.64,0.24,Δώρο
ORD000367,CUST00118,2023-05-10,2023-05-12,Ακυρωμένη,False,10.8,0.24,
ORD000368,CUST00102,2023-10-27,2023-10-28,Ολοκληρωμένη,False,9.3,0.24,
ORD000369,CUST00156,2023-05-25,2023-05-28,Ολοκληρωμένη,False,2.83,0.24,Δώρο
ORD000370,CUST00164,2023-06-16,2023-06-23,Αποστολή,False,10.53,0.24,Δώρο
ORD000371,CUST00049,2023-03-18,2023-03-23,Εκκρεμής,True,12.47,0.24,
ORD000372,CUST00104,2023-12-05,2023-12-08,Εκκρεμής,True,10.52,0.24,Δώρο
ORD000373,CUST00067,2023-08-03,2023-08-07,Ακυρωμένη,True,9.58,0.24,
ORD000374,CUST00049,2023-06-25,2023-07-01,Εκκρεμής,False,13.78,0.24,Δώρο
ORD000375,CUST00130,2023-06-03,2023-06-10,Εκκρεμής,True,5.82,0.24,Γρήγορη αποστολή
ORD000376,CUST00033,2023-05-13,2023-05-19,Εκκρεμής,False,10.51,0.24,Ευαίσθητο προϊόν
ORD000377,CUST00091,2023-04-25,2023-05-01,Αποστολή,False,12.25,0.24,Δώρο
ORD000378,CUST00096,2023-05-14,2023-05-19,Αποστολή,False,13.07,0.24,Γρήγορη αποστολή
ORD000379,CUST00014,2023-11-21,2023-11-26,Ολοκληρωμένη,False,13.56,0.24,
ORD000380,CUST00031,2023-12-15,2023-12-19,Αποστολή,False,2.7,0.24,Ευαίσθητο προϊόν
ORD000381,CUST00036,2023-04-13,2023-04-16,Ακυρωμένη,False,3.86,0.24,Ευαίσθητο προϊόν
ORD000382,CUST00200,2023-02-11,2023-02-15,Αποστολή,True,6.07,0.24,
ORD000383,CUST00002,2023-08-20,2023-08-23,Εκκρεμής,True,9.49,0.24,Ευαίσθητο προϊόν
ORD000384,CUST00126,2023-02-15,2023-02-17,Ακυρωμένη,False,7.24,0.24,Γρήγορη αποστολή
ORD000385,CUST00099,2023-01-03,2023-01-04,Εκκρεμής,False,14.35,0.24,Δώρο
ORD000386,CUST00194,2023-09-29,2023-10-01,Ολοκληρωμένη,True,10.15,0.24,Ευαίσθητο προϊόν
ORD000387,CUST00058,2023-12-22,2023-12-25,Αποστολή,True,3.34,0.24,
ORD000388,CUST00151,2023-06-06,2023-06-08,Ολοκληρωμένη,True,5.88,0.24,Δώρο
ORD000389,CUST00117,2023-09-24,2023-09-29,Αποστολή,False,13.54,0.24,Ευαίσθητο προϊόν
ORD000390,CUST00088,2023-09-08,2023-09-11,Εκκρεμής,True,14.33,0.24,Γρήγορη αποστολή
ORD000391,CUST00005,2023-04-27,2023-04-29,Εκκρεμής,True,11.54,0.24,
ORD000392,CUST00130,2023-03-28,2023-03-29,Αποστολή,True,6.88,0.24,Δώρο
ORD000393,CUST00198,2023-10-01,2023-10-06,Ολοκληρωμένη,True,10.61,0.24,
ORD000394,CUST00013,2023-12-20,2023-12-21,Ακυρωμένη,False,6.94,0.24,
ORD000395,CUST00065,2023-08-31,2023-09-06,Εκκρεμής,True,11.04,0.24,
ORD000396,CUST00078,2023-08-04,2023-08-10,Ολοκληρωμένη,False,10.1,0.24,Ευαίσθητο προϊόν
ORD000397,CUST00108,2023-02-23,2023-02-28,Ολοκληρωμένη,False,3.48,0.24,
ORD000398,CUST00128,2023-04-12,2023-04-17,Εκκρεμής,False,12.81,0.24,Ευαίσθητο προϊόν
ORD000399,CUST00092,2023-12-27,2023-12-31,Αποστολή,True,2.51,0.24,Γρήγορη αποστολή
ORD000400,CUST00054,2023-12-19,2023-12-23,Αποστολή,True,2.04,0.24,
ORD000401,CUST00029,2023-10-21,2023-10-27,Ακυρωμένη,True,14.34,0.24,
ORD000402,CUST00020,2023-02-21,2023-02-24,Εκκρεμής,False,14.85,0.24,Δώρο
ORD000403,CUST00068,2023-08-26,2023-08-27,Ολοκληρωμένη,True,13.36,0.24,Δώρο
ORD000404,CUST00093,2023-12-13,2023-12-16,Ακυρωμένη,True,3.23,0.24,
ORD000405,CUST00003,2023-03-12,2023-03-18,Εκκρεμής,False,6.65,0.24,Γρήγορη αποστολή
ORD000406,CUST00160,2023-05-18,2023-05-24,Ολοκληρωμένη,False,12.59,0.24,Ευαίσθητο προϊόν
ORD000407,CUST00030,2023-07-25,2023-07-29,Ακυρωμένη,False,12.86,0.24,Γρήγορη αποστολή
ORD000408,CUST00108,2023-11-29,2023-12-06,Εκκρεμής,True,3.72,0.24,
ORD000409,CUST00041,2023-02-23,2023-02-27,Ακυρωμένη,False,4.36,0.24,Γρήγορη αποστολή
ORD000410,CUST00200,2023-07-03,2023-07-08,Ολοκληρωμένη,True,8.28,0.24,Γρήγορη αποστολή
ORD000411,CUST00029,2023-07-30,2023-08-03,Ολοκληρωμένη,True,5.4,0.24,Δώρο
ORD000412,CUST00004,2023-12-27,2024-01-03,Εκκρεμής,False,8.75,0.24,
ORD000413,CUST00025,2023-08-10,2023-08-16,Εκκρεμής,False,6.49,0.24,Γρήγορη αποστολή
ORD000414,CUST00039,2023-10-13,2023-10-18,Ολοκληρωμένη,True,10.36,0.24,Ευαίσθητο προϊόν
ORD000415,CUST00130,2023-08-29,2023-09-05,Ακυρωμένη,True,2.97,0.24,Γρήγορη αποστολή
ORD000416,CUST00083,2023-05-04,2023-05-07,Αποστολή,True,8.59,0.24,
ORD000417,CUST00165,2023-07-13,2023-07-17,Εκκρεμής,True,7.97,0.24,
ORD000418,CUST00115,2023-02-15,2023-02-22,Ακυρωμένη,False,6.11,0.24,Γρήγορη αποστολή
ORD000419,CUST00191,2023-12-01,2023-12-02,Ολοκληρωμένη,False,7.36,0.24,
ORD000420,CUST00141,2023-01-01,2023-01-08,Ολοκληρωμένη,False,13.57,0.24,
ORD000421,CUST00053,2023-12-02,2023-12-08,Ακυρωμένη,False,6.72,0.24,
ORD000422,CUST00058,2023-08-21,2023-08-24,Ακυρωμένη,False,11.31,0.24,
ORD000423,CUST00025,2023-12-04,2023-12-06,Ολοκληρωμένη,False,6.62,0.24,Δώρο
ORD000424,CUST00141,2023-09-25,2023-09-28,Ολοκληρωμένη,True,13.66,0.24,Γρήγορη αποστολή
ORD000425,CUST00036,2023-07-29,2023-07-30,Αποστολή,True,4.44,0.24,Γρήγορη αποστολή
ORD000426,CUST00056,2023-08-23,2023-08-30,Εκκρεμής,False,3.4,0.24,Γρήγορη αποστολή
ORD000427,CUST00012,2023-11-21,2023-11-28,Ολοκληρωμένη,False,7.95,0.24,
ORD000428,CUST00130,2023-03-10,2023-03-14,Ολοκληρωμένη,True,9.19,0.24,Γρήγορη αποστολή
ORD000429,CUST00150,2023-09-05,2023-09-10,Εκκρεμής,True,11.5,0.24,Ευαίσθητο προϊόν
ORD000430,CUST00027,2023-07-18,2023-07-24,Αποστολή,False,7.44,0.24,
ORD000431,CUST00178,2023-05-08,2023-05-11,Ακυρωμένη,False,14.62,0.24,Γρήγορη αποστολή
ORD000432,CUST00035,2023-03-12,2023-03-16,Αποστολή,False,11.25,0.24,
ORD000433,CUST00162,2023-04-22,2023-04-24,Εκκρεμής,False,10.93,0.24,Ευαίσθητο προϊόν
ORD000434,CUST00182,2023-11-29,2023-12-01,Αποστολή,True,11.89,0.24,
ORD000435,CUST00123,2023-10-26,2023-10-31,Ακυρωμένη,False,13.41,0.24,Γρήγορη αποστολή
ORD000436,CUST00004,2023-09-25,2023-09-26,Ολοκληρωμένη,False,3.89,0.24,
ORD000437,CUST00052,2023-05-17,2023-05-24,Εκκρεμής,False,10.88,0.24,Ευαίσθητο προϊόν
ORD000438,CUST00016,2023-12-20,2023-12-27,Αποστολή,True,11.8,0.24,
ORD000439,CUST00092,2023-08-20,2023-08-21,Εκκρεμής,False,5.09,0.24,Δώρο
ORD000440,CUST00178,2023-12-07,2023-12-08,Ακυρωμένη,False,7.42,0.24,Δώρο
ORD000441,CUST00142,2023-01-28,2023-01-29,Αποστολή,True,10.07,0.24,Γρήγορη αποστολή
ORD000442,CUST00058,2023-11-21,2023-11-27,Αποστολή,True,12.09,0.24,Ευαίσθητο προϊόν
ORD000443,CUST00076,2023-08-18,2023-08-20,Ολοκληρωμένη,True,14.51,0.24,
ORD000444,CUST00031,2023-07-13,2023-07-14,Ακυρωμένη,False,9.24,0.24,Ευαίσθητο προϊόν
ORD000445,CUST00042,2023-10-27,2023-11-03,Αποστολή,True,6.3,0.24,Ευαίσθητο προϊόν
ORD000446,CUST00011,2023-03-20,2023-03-23,Ολοκληρωμένη,False,8.38,0.24,
ORD000447,CUST00141,2023-07-03,2023-07-04,Αποστολή,True,14.44,0.24,
ORD000448,CUST00018,2023-09-16,2023-09-18,Ακυρωμένη,False,3.2,0.24,Ευαίσθητο προϊόν
ORD000449,CUST00055,2023-12-06,2023-12-09,Αποστολή,False,5.82,0.24,
ORD000450,CUST00136,2023-09-01,2023-09-06,Ολοκληρωμένη,True,10.7,0.24,Γρήγορη αποστολή
ORD000451,CUST00062,2023-11-25,2023-11-30,Εκκρεμής,True,10.87,0.24,Δώρο
ORD000452,CUST00098,2023-02-28,2023-03-04,Αποστολή,False,2.32,0.24,
ORD000453,CUST00198,2023-07-11,2023-07-16,Ακυρωμένη,False,2.57,0.24,Ευαίσθητο προϊόν
ORD000454,CUST00083,2023-09-21,2023-09-22,Ολοκληρωμένη,True,14.63,0.24,
ORD000455,CUST00137,2023-01-04,2023-01-10,Ολοκληρωμένη,True,10.71,0.24,Ευαίσθητο προϊόν
ORD000456,CUST00176,2023-08-06,2023-08-13,Ολοκληρωμένη,True,8.99,0.24,Γρήγορη αποστολή
ORD000457,CUST00166,2023-02-06,2023-02-12,Εκκρεμής,True,7.97,0.24,Δώρο
ORD000458,CUST00010,2023-02-14,2023-02-15,Ολοκληρωμένη,True,12.32,0.24,
ORD000459,CUST00019,2023-10-22,2023-10-29,Εκκρεμής,False,7.3,0.24,Γρήγορη αποστολή
ORD000460,CUST00162,2023-07-27,2023-07-31,Αποστολή,True,7.06,0.24,
ORD000461,CUST00137,2023-01-04,2023-01-10,Ολοκληρωμένη,True,11.11,0.24,
ORD000462,CUST00092,2023-09-15,2023-09-16,Αποστολή,False,9.89,0.24,Δώρο
ORD000463,CUST00196,2023-08-13,2023-08-17,Ακυρωμένη,True,8.16,0.24,
ORD000464,CUST00057,2023-03-11,2023-03-17,Ακυρωμένη,False,14.48,0.24,Ευαίσθητο προϊόν
ORD000465,CUST00077,2023-12-13,2023-12-20,Αποστολή,True,9.2,0.24,
ORD000466,CUST00037,2023-03-05,2023-03-06,Ολοκληρωμένη,False,8.98,0.24,
ORD000467,CUST00079,2023-04-18,2023-04-24,Αποστολή,True,7.36,0.24,
ORD000468,CUST00037,2023-03-24,2023-03-26,Εκκρεμής,False,4.53,0.24,Ευαίσθητο προϊόν
ORD000469,CUST00172,2023-10-18,2023-10-25,Ολοκληρωμένη,False,10.38,0.24,
ORD000470,CUST00075,2023-12-10,2023-12-11,Αποστολή,True,4.57,0.24,
ORD000471,CUST00125,2023-06-19,2023-06-22,Εκκρεμής,True,3.3,0.24,
ORD000472,CUST00018,2023-04-10,2023-04-13,Ακυρωμένη,False,6.27,0.24,Δώρο
ORD000473,CUST00178,2023-10-27,2023-10-29,Αποστολή,False,14.46,0.24,Ευαίσθητο προϊόν
ORD000474,CUST00002,2023-06-10,2023-06-12,Εκκρεμής,False,5.6,0.24,Δώρο
ORD000475,CUST00035,2023-12-14,2023-12-20,Αποστολή,False,8.02,0.24,Δώρο
ORD000476,CUST00199,2023-06-06,2023-06-10,Ολοκληρωμένη,True,10.39,0.24,
ORD000477,CUST00072,2023-03-13,2023-03-18,Εκκρεμής,False,11.54,0.24,
ORD000478,CUST00187,2023-02-08,2023-02-09,Ολοκληρωμένη,False,12.0,0.24,Ευαίσθητο προϊόν
ORD000479,CUST00010,2023-10-10,2023-10-13,Ακυρωμένη,True,6.76,0.24,Ευαίσθητο προϊόν
ORD000480,CUST00198,2023-10-29,2023-11-04,Αποστολή,True,8.04,0.24,
ORD000481,CUST00024,2023-07-23,2023-07-26,Ολοκληρωμένη,True,13.02,0.24,
ORD000482,CUST00176,2023-03-26,2023-04-02,Εκκρεμής,False,4.07,0.24,
ORD000483,CUST00145,2023-12-04,2023-12-11,Εκκρεμής,False,14.21,0.24,
ORD000484,CUST00057,2023-09-07,2023-09-09,Ολοκληρωμένη,False,6.8,0.24,
ORD000485,CUST00172,2023-04-16,2023-04-21,Αποστολή,False,8.11,0.24,Γρήγορη αποστολή
ORD000486,CUST00012,2023-01-21,2023-01-27,Αποστολή,True,11.15,0.24,
ORD000487,CUST00163,2023-05-21,2023-05-28,Αποστολή,True,6.9,0.24,Γρήγορη αποστολή
ORD000488,CUST00094,2023-10-28,2023-11-03,Ολοκληρωμένη,False,6.89,0.24,Ευαίσθητο προϊόν
ORD000489,CUST00133,2023-07-27,2023-07-30,Αποστολή,False,12.3,0.24,
ORD000490,CUST00002,2023-09-14,2023-09-16,Ακυρωμένη,True,4.99,0.24,
ORD000491,CUST00165,2023-05-24,2023-05-26,Εκκρεμής,True,4.05,0.24,
ORD000492,CUST00184,2023-03-02,2023-03-08,Εκκρεμής,False,12.55,0.24,
ORD000493,CUST00124,2023-12-12,2023-12-16,Ακυρωμένη,True,9.68,0.24,Γρήγορη αποστολή
ORD000494,CUST00006,2023-05-05,2023-05-06,Εκκρεμής,True,3.75,0.24,
ORD000495,CUST00011,2023-10-21,2023-10-23,Ολοκληρωμένη,True,5.36,0.24,Ευαίσθητο προϊόν
ORD000496,CUST00133,2023-07-27,2023-08-01,Ολοκληρωμένη,False,14.31,0.24,Ευαίσθητο προϊόν
ORD000497,CUST00115,2023-11-07,2023-11-11,Ακυρωμένη,True,4.85,0.24,Γρήγορη αποστολή
ORD000498,CUST00154,2023-03-15,2023-03-22,Εκκρεμής,False,4.18,0.24,Δώρο
ORD000499,CUST00117,2023-11-02,2023-11-07,Ολοκληρωμένη,True,6.92,0.24,Ευαίσθητο προϊόν
ORD000500,CUST00028,2023-01-09,2023-01-11,Ακυρωμένη,True,9.87,0.24,Ευαίσθητο προϊόν
ORD000501,CUST00122,2023-11-11,2023-11-16,Ολοκληρωμένη,True,3.21,0.24,Ευαίσθητο προϊόν
ORD000502,CUST00155,2023-10-04,2023-10-11,Ολοκληρωμένη,False,8.79,0.24,Δώρο
ORD000503,CUST00012,2023-12-24,2023-12-29,Ακυρωμένη,True,14.2,0.24,Γρήγορη αποστολή
ORD000504,CUST00197,2023-07-15,2023-07-18,Ολοκληρωμένη,False,3.74,0.24,Γρήγορη αποστολή
ORD000505,CUST00197,2023-04-30,2023-05-07,Ολοκληρωμένη,False,9.78,0.24,
ORD000506,CUST00105,2023-05-12,2023-05-14,Ολοκληρωμένη,True,9.51,0.24,
ORD000507,CUST00134,2023-01-04,2023-01-08,Εκκρεμής,False,7.31,0.24,
ORD000508,CUST00040,2023-08-07,2023-08-13,Αποστολή,False,13.11,0.24,Γρήγορη αποστολή
ORD000509,CUST00145,2023-07-07,2023-07-12,Αποστολή,False,11.81,0.24,Γρήγορη αποστολή
ORD000510,CUST00142,2023-10-13,2023-10-17,Εκκρεμής,False,9.27,0.24,Γρήγορη αποστολή
ORD000511,CUST00065,2023-06-07,2023-06-12,Αποστολή,False,11.57,0.24,
ORD000512,CUST00192,2023-04-28,2023-05-02,Εκκρεμής,True,4.79,0.24,Γρήγορη αποστολή
ORD000513,CUST00087,2023-10-09,2023-10-14,Ολοκληρωμένη,True,7.06,0.24,
ORD000514,CUST00024,2023-03-16,2023-03-20,Ακυρωμένη,True,2.83,0.24,Ευαίσθητο προϊόν
ORD000515,CUST00095,2023-02-10,2023-02-15,Ολοκληρωμένη,False,14.1,0.24,Γρήγορη αποστολή
ORD000516,CUST00158,2023-12-02,2023-12-07,Αποστολή,True,14.29,0.24,Ευαίσθητο προϊόν
ORD000517,CUST00164,2023-09-11,2023-09-15,Ολοκληρωμένη,True,13.06,0.24,
ORD000518,CUST00074,2023-04-10,2023-04-11,Εκκρεμής,True,10.76,0.24,Δώρο
ORD000519,CUST00062,2023-12-02,2023-12-03,Εκκρεμής,True,14.96,0.24,Γρήγορη αποστολή
ORD000520,CUST00091,2023-12-09,2023-12-13,Ακυρωμένη,True,8.73,0.24,
ORD000521,CUST00024,2023-10-09,2023-10-12,Αποστολή,False,14.52,0.24,Δώρο
ORD000522,CUST00058,2023-11-07,2023-11-09,Ακυρωμένη,False,9.47,0.24,Δώρο
ORD000523,CUST00045,2023-07-28,2023-08-02,Ολοκληρωμένη,True,8.54,0.24,Δώρο
ORD000524,CUST00030,2023-09-20,2023-09-23,Αποστολή,False,14.56,0.24,
ORD000525,CUST00124,2023-05-05,2023-05-12,Αποστολή,False,10.86,0.24,
ORD000526,CUST00008,2023-09-04,2023-09-05,Αποστολή,True,6.97,0.24,Ευαίσθητο προϊόν
ORD000527,CUST00174,2023-12-26,2023-12-28,Αποστολή,False,14.42,0.24,
ORD000528,CUST00138,2023-01-05,2023-01-11,Αποστολή,True,5.73,0.24,Γρήγορη αποστολή
ORD000529,CUST00173,2023-06-25,2023-06-26,Εκκρεμής,False,6.08,0.24,Ευαίσθητο προϊόν
ORD000530,CUST00147,2023-05-18,2023-05-20,Εκκρεμής,False,11.58,0.24,Ευαίσθητο προϊόν
ORD000531,CUST00189,2023-05-04,2023-05-11,Αποστολή,True,4.98,0.24,Ευαίσθητο προϊόν
ORD000532,CUST00159,2023-07-02,2023-07-04,Ολοκληρωμένη,True,13.96,0.24,Γρήγορη αποστολή
ORD000533,CUST00158,2023-01-04,2023-01-11,Ολοκληρωμένη,False,6.83,0.24,Δώρο
ORD000534,CUST00127,2023-10-22,2023-10-29,Αποστολή,False,4.38,0.24,
ORD000535,CUST00072,2023-07-23,2023-07-25,Εκκρεμής,True,8.83,0.24,Γρήγορη αποστολή
ORD000536,CUST00123,2023-10-04,2023-10-05,Αποστολή,False,13.19,0.24,Ευαίσθητο προϊόν
ORD000537,CUST00118,2023-03-03,2023-03-09,Ακυρωμένη,False,10.96,0.24,
ORD000538,CUST00173,2023-04-18,2023-04-22,Ολοκληρωμένη,False,6.7,0.24,Δώρο
ORD000539,CUST00048,2023-10-08,2023-10-11,Εκκρεμής,False,8.13,0.24,
ORD000540,CUST00088,2023-07-07,2023-07-09,Ακυρωμένη,False,4.74,0.24,Δώρο
ORD000541,CUST00094,2023-07-25,2023-07-28,Ακυρωμένη,True,9.43,0.24,
ORD000542,CUST00176,2023-04-28,2023-05-05,Ολοκληρωμένη,False,12.45,0.24,
ORD000543,CUST00111,2023-07-15,2023-07-17,Εκκρεμής,True,8.15,0.24,
ORD000544,CUST00046,2023-08-04,2023-08-08,Εκκρεμής,False,12.21,0.24,Δώρο
ORD000545,CUST00065,2023-10-15,2023-10-22,Ολοκληρωμένη,False,3.29,0.24,Ευαίσθητο προϊόν
ORD000546,CUST00016,2023-04-21,2023-04-28,Αποστολή,False,12.91,0.24,
ORD000547,CUST00116,2023-06-21,2023-06-24,Αποστολή,False,9.28,0.24,Δώρο
ORD000548,CUST00089,2023-01-11,2023-01-15,Ολοκληρωμένη,False,13.28,0.24,
ORD000549,CUST00051,2023-10-23,2023-10-28,Εκκρεμής,False,6.62,0.24,
ORD000550,CUST00125,2023-08-17,2023-08-18,Ακυρωμένη,False,8.03,0.24,Ευαίσθητο προϊόν
ORD000551,CUST00043,2023-11-24,2023-12-01,Αποστολή,False,10.21,0.24,
ORD000552,CUST00104,2023-02-06,2023-02-07,Εκκρεμής,False,4.97,0.24,Δώρο
ORD000553,CUST00168,2023-05-30,2023-06-05,Αποστολή,False,5.53,0.24,Γρήγορη αποστολή
ORD000554,CUST00200,2023-07-05,2023-07-11,Ακυρωμένη,False,4.18,0.24,
ORD000555,CUST00033,2023-05-01,2023-05-07,Αποστολή,True,4.74,0.24,Γρήγορη αποστολή
ORD000556,CUST00027,2023-02-18,2023-02-19,Ακυρωμένη,True,2.34,0.24,Γρήγορη αποστολή
ORD000557,CUST00135,2023-02-12,2023-02-13,Αποστολή,True,3.1,0.24,Γρήγορη αποστολή
ORD000558,CUST00080,2023-04-28,2023-04-30,Αποστολή,False,10.14,0.24,Ευαίσθητο προϊόν
ORD000559,CUST00135,2023-03-29,2023-03-30,Ολοκληρωμένη,False,13.18,0.24,Δώρο
ORD000560,CUST00122,2023-08-28,2023-09-04,Αποστολή,False,3.76,0.24,
ORD000561,CUST00046,2023-10-30,2023-11-04,Ακυρωμένη,False,8.8,0.24,
ORD000562,CUST00080,2023-06-27,2023-07-01,Εκκρεμής,True,7.74,0.24,Δώρο
ORD000563,CUST00106,2023-05-14,2023-05-16,Αποστολή,True,2.0,0.24,Ευαίσθητο προϊόν
ORD000564,CUST00089,2023-05-27,2023-05-31,Ολοκληρωμένη,False,14.31,0.24,Γρήγορη αποστολή
ORD000565,CUST00077,2023-01-05,2023-01-12,Ακυρωμένη,False,9.76,0.24,
ORD000566,CUST00141,2023-07-11,2023-07-13,Ακυρωμένη,False,7.13,0.24,Ευαίσθητο προϊόν
ORD000567,CUST00184,2023-11-27,2023-12-01,Ακυρωμένη,True,5.42,0.24,Γρήγορη αποστολή
ORD000568,CUST00161,2023-05-03,2023-05-08,Αποστολή,False,10.43,0.24,
ORD000569,CUST00069,2023-07-31,2023-08-02,Ολοκληρωμένη,True,3.78,0.24,
ORD000570,CUST00164,2023-08-22,2023-08-27,Ακυρωμένη,False,11.11,0.24,Γρήγορη αποστολή
ORD000571,CUST00049,2023-06-14,2023-06-15,Εκκρεμής,True,14.61,0.24,
ORD000572,CUST00048,2023-02-22,2023-02-25,Αποστολή,True,11.3,0.24,
ORD000573,CUST00060,2023-02-16,2023-02-18,Ολοκληρωμένη,False,4.82,0.24,Γρήγορη αποστολή
ORD000574,CUST00080,2023-09-13,2023-09-16,Ακυρωμένη,True,6.29,0.24,Ευαίσθητο προϊόν
ORD000575,CUST00015,2023-05-17,2023-05-24,Ακυρωμένη,True,9.06,0.24,Ευαίσθητο προϊόν
ORD000576,CUST00050,2023-05-09,2023-05-16,Ακυρωμένη,True,3.59,0.24,Ευαίσθητο προϊόν
ORD000577,CUST00099,2023-08-15,2023-08-17,Ολοκληρωμένη,True,7.99,0.24,
ORD000578,CUST00134,2023-12-07,2023-12-09,Ακυρωμένη,False,10.86,0.24,Δώρο
ORD000579,CUST00083,2023-03-23,2023-03-29,Ολοκληρωμένη,True,5.29,0.24,Δώρο
ORD000580,CUST00051,2023-07-04,2023-07-05,Εκκρεμής,True,5.07,0.24,Γρήγορη αποστολή
ORD000581,CUST00084,2023-01-08,2023-01-10,Αποστολή,True,7.15,0.24,Ευαίσθητο προϊόν
ORD000582,CUST00003,2023-01-22,2023-01-27,Ακυρωμένη,True,6.83,0.24,
ORD000583,CUST00064,2023-03-22,2023-03-26,Ολοκληρωμένη,False,14.1,0.24,
ORD000584,CUST00016,2023-07-02,2023-07-08,Εκκρεμής,True,3.64,0.24,Ευαίσθητο προϊόν
ORD000585,CUST00082,2023-10-13,2023-10-20,Αποστολή,False,11.53,0.24,
ORD000586,CUST00177,2023-07-13,2023-07-16,Εκκρεμής,False,13.68,0.24,Γρήγορη αποστολή
ORD000587,CUST00181,2023-08-13,2023-08-18,Αποστολή,False,4.47,0.24,Ευαίσθητο προϊόν
ORD000588,CUST00140,2023-06-28,2023-07-01,Ακυρωμένη,False,13.28,0.24,
ORD000589,CUST00142,2023-03-24,2023-03-25,Εκκρεμής,False,5.84,0.24,Δώρο
ORD000590,CUST00139,2023-07-07,2023-07-11,Ολοκληρωμένη,False,11.54,0.24,
ORD000591,CUST00159,2023-07-06,2023-07-13,Εκκρεμής,False,11.37,0.24,
ORD000592,CUST00100,2023-04-08,2023-04-13,Ακυρωμένη,True,9.97,0.24,Δώρο
ORD000593,CUST00105,2023-11-25,2023-11-28,Ολοκληρωμένη,True,8.8,0.24,
ORD000594,CUST00012,2023-03-08,2023-03-10,Ολοκληρωμένη,True,3.39,0.24,Ευαίσθητο προϊόν
ORD000595,CUST00026,2023-01-17,2023-01-22,Ακυρωμένη,False,8.84,0.24,
ORD000596,CUST00066,2023-01-26,2023-01-29,Εκκρεμής,True,2.17,0.24,Ευαίσθητο προϊόν
ORD000597,CUST00168,2023-09-09,2023-09-16,Ολοκληρωμένη,False,12.41,0.24,
ORD000598,CUST00093,2023-10-13,2023-10-19,Ακυρωμένη,False,12.33,0.24,
ORD000599,CUST00158,2023-05-17,2023-05-22,Ολοκληρωμένη,True,12.85,0.24,
ORD000600,CUST00056,2023-09-23,2023-09-24,Ολοκληρωμένη,True,8.91,0.24,Ευαίσθητο προϊόν
ORD000601,CUST00050,2023-09-27,2023-10-03,Εκκρεμής,True,9.26,0.24,
ORD000602,CUST00107,2023-02-24,2023-03-03,Αποστολή,False,11.13,0.24,Γρήγορη αποστολή
ORD000603,CUST00027,2023-03-27,2023-04-03,Εκκρεμής,False,8.56,0.24,Ευαίσθητο προϊόν
ORD000604,CUST00137,2023-11-04,2023-11-08,Αποστολή,False,9.15,0.24,Δώρο
ORD000605,CUST00096,2023-07-31,2023-08-07,Ακυρωμένη,False,9.91,0.24,
ORD000606,CUST00140,2023-04-20,2023-04-24,Αποστολή,False,14.5,0.24,Γρήγορη αποστολή
ORD000607,CUST00102,2023-01-01,2023-01-07,Ολοκληρωμένη,False,9.74,0.24,
ORD000608,CUST00035,2023-06-04,2023-06-05,Αποστολή,True,4.79,0.24,Δώρο
ORD000609,CUST00006,2023-12-20,2023-12-27,Αποστολή,True,3.23,0.24,Γρήγορη αποστολή
ORD000610,CUST00092,2023-03-21,2023-03-23,Αποστολή,False,13.57,0.24,Ευαίσθητο προϊόν
ORD000611,CUST00060,2023-05-12,2023-05-19,Αποστολή,True,9.42,0.24,
ORD000612,CUST00056,2023-02-09,2023-02-15,Αποστολή,False,4.25,0.24,
ORD000613,CUST00025,2023-11-01,2023-11-07,Αποστολή,True,11.5,0.24,
ORD000614,CUST00098,2023-02-10,2023-02-17,Ολοκληρωμένη,False,6.52,0.24,Γρήγορη αποστολή
ORD000615,CUST00107,2023-03-03,2023-03-10,Εκκρεμής,True,10.24,0.24,Γρήγορη αποστολή
ORD000616,CUST00014,2023-06-06,2023-06-11,Ολοκληρωμένη,False,9.02,0.24,Ευαίσθητο προϊόν
ORD000617,CUST00084,2023-09-15,2023-09-21,Εκκρεμής,True,2.66,0.24,Γρήγορη αποστολή
ORD000618,CUST00115,2023-11-01,2023-11-06,Ολοκληρωμένη,True,7.62,0.24,Γρήγορη αποστολή
ORD000619,CUST00038,2023-03-09,2023-03-12,Ολοκληρωμένη,False,9.43,0.24,
ORD000620,CUST00141,2023-07-24,2023-07-27,Ολοκληρωμένη,False,8.52,0.24,Ευαίσθητο προϊόν
ORD000621,CUST00196,2023-03-11,2023-03-15,Εκκρεμής,False,7.14,0.24,
ORD000622,CUST00051,2023-10-15,2023-10-20,Εκκρεμής,True,2.93,0.24,Γρήγορη αποστολή
ORD000623,CUST00083,2023-12-17,2023-12-22,Ολοκληρωμένη,True,10.73,0.24,Γρήγορη αποστολή
ORD000624,CUST00094,2023-06-28,2023-06-30,Αποστολή,False,9.72,0.24,
ORD000625,CUST00198,2023-06-06,2023-06-08,Αποστολή,False,10.1,0.24,Γρήγορη αποστολή
ORD000626,CUST00012,2023-04-30,2023-05-02,Αποστολή,True,11.85,0.24,
ORD000627,CUST00029,2023-01-28,2023-01-30,Εκκρεμής,False,2.18,0.24,
ORD000628,CUST00079,2023-08-19,2023-08-23,Ολοκληρωμένη,False,4.72,0.24,
ORD000629,CUST00055,2023-04-15,2023-04-20,Αποστολή,False,10.1,0.24,Ευαίσθητο προϊόν
ORD000630,CUST00178,2023-12-24,2023-12-30,Ολοκληρωμένη,False,9.58,0.24,
ORD000631,CUST00012,2023-05-11,2023-05-13,Ολοκληρωμένη,False,4.61,0.24,
ORD000632,CUST00070,2023-01-28,2023-02-01,Ολοκληρωμένη,True,7.05,0.24,Δώρο
ORD000633,CUST00170,2023-12-04,2023-12-07,Ολοκληρωμένη,True,5.8,0.24,Γρήγορη αποστολή
ORD000634,CUST00060,2023-07-14,2023-07-19,Ολοκληρωμένη,False,8.3,0.24,
ORD000635,CUST00137,2023-02-15,2023-02-17,Εκκρεμής,False,9.29,0.24,
ORD000636,CUST00011,2023-05-07,2023-05-12,Αποστολή,False,8.37,0.24,Ευαίσθητο προϊόν
ORD000637,CUST00005,2023-06-27,2023-07-03,Αποστολή,False,10.13,0.24,Ευαίσθητο προϊόν
ORD000638,CUST00129,2023-05-22,2023-05-29,Ολοκληρωμένη,False,13.42,0.24,
ORD000639,CUST00143,2023-05-24,2023-05-26,Εκκρεμής,False,13.66,0.24,Ευαίσθητο προϊόν
ORD000640,CUST00023,2023-07-15,2023-07-20,Εκκρεμής,False,5.12,0.24,Ευαίσθητο προϊόν
ORD000641,CUST00110,2023-06-09,2023-06-14,Αποστολή,False,9.05,0.24,Ευαίσθητο προϊόν
ORD000642,CUST00168,2023-03-12,2023-03-17,Εκκρεμής,True,6.02,0.24,
ORD000643,CUST00035,2023-08-09,2023-08-16,Εκκρεμής,True,6.13,0.24,
ORD000644,CUST00137,2023-03-02,2023-03-04,Αποστολή,True,11.45,0.24,Δώρο
ORD000645,CUST00106,2023-07-30,2023-08-02,Ακυρωμένη,False,3.98,0.24,Ευαίσθητο προϊόν
ORD000646,CUST00028,2023-03-09,2023-03-11,Ολοκληρωμένη,False,9.87,0.24,
ORD000647,CUST00060,2023-11-02,2023-11-04,Εκκρεμής,True,6.67,0.24,Γρήγορη αποστολή
ORD000648,CUST00035,2023-09-15,2023-09-22,Ακυρωμένη,False,4.39,0.24,Γρήγορη αποστολή
ORD000649,CUST00126,2023-08-31,2023-09-02,Εκκρεμής,True,4.94,0.24,Γρήγορη αποστολή
ORD000650,CUST00196,2023-01-08,2023-01-11,Ακυρωμένη,True,11.65,0.24,Ευαίσθητο προϊόν
ORD000651,CUST00194,2023-04-15,2023-04-16,Εκκρεμής,False,13.27,0.24,Γρήγορη αποστολή
ORD000652,CUST00177,2023-06-16,2023-06-23,Ακυρωμένη,True,7.56,0.24,
ORD000653,CUST00156,2023-07-14,2023-07-20,Αποστολή,False,9.95,0.24,
ORD000654,CUST00153,2023-10-02,2023-10-07,Ολοκληρωμένη,True,7.87,0.24,
ORD000655,CUST00063,2023-09-23,2023-09-28,Ακυρωμένη,True,9.25,0.24,
ORD000656,CUST00196,2023-11-19,2023-11-20,Εκκρεμής,False,7.71,0.24,Δώρο
ORD000657,CUST00199,2023-05-27,2023-05-31,Εκκρεμής,False,5.83,0.24,
ORD000658,CUST00177,2023-09-22,2023-09-24,Ακυρωμένη,False,3.18,0.24,
ORD000659,CUST00029,2023-04-03,2023-04-10,Εκκρεμής,False,7.38,0.24,Γρήγορη αποστολή
ORD000660,CUST00007,2023-04-02,2023-04-06,Εκκρεμής,False,3.17,0.24,Δώρο
ORD000661,CUST00178,2023-11-29,2023-12-05,Εκκρεμής,True,3.19,0.24,Γρήγορη αποστολή
ORD000662,CUST00163,2023-07-05,2023-07-06,Ακυρωμένη,True,6.92,0.24,Γρήγορη αποστολή
ORD000663,CUST00012,2023-03-29,2023-04-01,Εκκρεμής,True,13.29,0.24,Ευαίσθητο προϊόν
ORD000664,CUST00197,2023-12-31,2024-01-01,Ακυρωμένη,False,6.02,0.24,Γρήγορη αποστολή
ORD000665,CUST00074,2023-11-17,2023-11-19,Ολοκληρωμένη,True,14.49,0.24,
ORD000666,CUST00160,2023-05-10,2023-05-11,Ακυρωμένη,False,13.12,0.24,
ORD000667,CUST00002,2023-11-08,2023-11-12,Εκκρεμής,True,9.66,0.24,Γρήγορη αποστολή
ORD000668,CUST00117,2023-07-29,2023-08-02,Ολοκληρωμένη,True,5.18,0.24,
ORD000669,CUST00072,2023-11-14,2023-11-20,Εκκρεμής,True,4.4,0.24,
ORD000670,CUST00168,2023-06-28,2023-06-29,Εκκρεμής,True,10.67,0.24,
ORD000671,CUST00077,2023-06-19,2023-06-20,Ολοκληρωμένη,True,7.42,0.24,Ευαίσθητο προϊόν
ORD000672,CUST00042,2023-12-11,2023-12-14,Εκκρεμής,False,11.74,0.24,Δώρο
ORD000673,CUST00010,2023-02-17,2023-02-24,Αποστολή,False,6.79,0.24,Γρήγορη αποστολή
ORD000674,CUST00018,2023-08-07,2023-08-14,Ολοκληρωμένη,False,8.12,0.24,
ORD000675,CUST00178,2023-05-21,2023-05-24,Ακυρωμένη,True,11.05,0.24,
ORD000676,CUST00015,2023-02-25,2023-03-02,Ολοκληρωμένη,False,11.41,0.24,
ORD000677,CUST00181,2023-05-28,2023-06-01,Αποστολή,False,8.83,0.24,
ORD000678,CUST00091,2023-03-08,2023-03-13,Ακυρωμένη,False,8.4,0.24,Ευαίσθητο προϊόν
ORD000679,CUST00157,2023-04-30,2023-05-06,Αποστολή,True,2.02,0.24,
ORD000680,CUST00120,2023-11-17,2023-11-24,Ολοκληρωμένη,True,12.39,0.24,Γρήγορη αποστολή
ORD000681,CUST00106,2023-01-24,2023-01-27,Αποστολή,True,2.15,0.24,Ευαίσθητο προϊόν
ORD000682,CUST00177,2023-05-25,2023-05-28,Ολοκληρωμένη,False,5.9,0.24,
ORD000683,CUST00083,2023-01-04,2023-01-05,Αποστολή,False,7.15,0.24,
ORD000684,CUST00158,2023-01-15,2023-01-22,Εκκρεμής,True,6.3,0.24,Δώρο
ORD000685,CUST00173,2023-09-03,2023-09-07,Ολοκληρωμένη,True,8.26,0.24,Γρήγορη αποστολή
ORD000686,CUST00138,2023-06-21,2023-06-25,Ακυρωμένη,True,12.86,0.24,Δώρο
ORD000687,CUST00145,2023-12-14,2023-12-17,Ολοκληρωμένη,True,9.51,0.24,Δώρο
ORD000688,CUST00091,2023-02-03,2023-02-05,Αποστολή,True,6.41,0.24,Γρήγορη αποστολή
ORD000689,CUST00161,2023-10-01,2023-10-08,Εκκρεμής,False,4.44,0.24,
ORD000690,CUST00193,2023-06-07,2023-06-13,Αποστολή,True,5.53,0.24,
ORD000691,CUST00128,2023-05-02,2023-05-05,Ακυρωμένη,False,4.81,0.24,Δώρο
ORD000692,CUST00045,2023-02-27,2023-03-02,Ολοκληρωμένη,True,13.87,0.24,Γρήγορη αποστολή
ORD000693,CUST00130,2023-01-13,2023-01-20,Ακυρωμένη,True,4.47,0.24,Γρήγορη αποστολή
ORD000694,CUST00188,2023-09-26,2023-09-29,Αποστολή,True,12.0,0.24,
ORD000695,CUST00133,2023-12-13,2023-12-15,Εκκρεμής,True,7.97,0.24,
ORD000696,CUST00030,2023-01-03,2023-01-06,Ολοκληρωμένη,True,6.33,0.24,
ORD000697,CUST00027,2023-09-24,2023-10-01,Αποστολή,True,9.51,0.24,Δώρο
ORD000698,CUST00164,2023-04-18,2023-04-21,Εκκρεμής,True,5.73,0.24,
ORD000699,CUST00082,2023-08-14,2023-08-20,Ολοκληρωμένη,False,3.94,0.24,Δώρο
ORD000700,CUST00030,2023-01-08,2023-01-13,Ολοκληρωμένη,True,9.05,0.24,
ORD000701,CUST00082,2023-05-19,2023-05-21,Αποστολή,True,4.23,0.24,Δώρο
ORD000702,CUST00157,2023-06-23,2023-06-28,Ακυρωμένη,True,3.69,0.24,Γρήγορη αποστολή
ORD000703,CUST00173,2023-01-26,2023-01-27,Ακυρωμένη,True,3.12,0.24,Γρήγορη αποστολή
ORD000704,CUST00046,2023-12-27,2024-01-01,Ακυρωμένη,False,6.06,0.24,Ευαίσθητο προϊόν
ORD000705,CUST00183,2023-12-10,2023-12-17,Ολοκληρωμένη,False,9.38,0.24,
ORD000706,CUST00179,2023-08-28,2023-08-29,Ακυρωμένη,False,10.9,0.24,Γρήγορη αποστολή
ORD000707,CUST00121,2023-04-29,2023-05-01,Εκκρεμής,False,13.87,0.24,Γρήγορη αποστολή
ORD000708,CUST00047,2023-12-25,2023-12-31,Αποστολή,False,7.89,0.24,
ORD000709,CUST00017,2023-09-01,2023-09-02,Αποστολή,False,8.0,0.24,Ευαίσθητο προϊόν
ORD000710,CUST00073,2023-06-28,2023-07-03,Εκκρεμής,True,7.27,0.24,
ORD000711,CUST00084,2023-10-12,2023-10-18,Ολοκληρωμένη,False,8.93,0.24,Γρήγορη αποστολή
ORD000712,CUST00152,2023-07-31,2023-08-02,Εκκρεμής,True,14.66,0.24,Γρήγορη αποστολή
ORD000713,CUST00017,2023-06-24,2023-06-26,Ακυρωμένη,False,9.37,0.24,Δώρο
ORD000714,CUST00140,2023-12-22,2023-12-24,Εκκρεμής,True,11.61,0.24,
ORD000715,CUST00125,2023-02-28,2023-03-05,Ακυρωμένη,False,9.22,0.24,Γρήγορη αποστολή
ORD000716,CUST00046,2023-06-07,2023-06-11,Ολοκληρωμένη,True,10.91,0.24,
ORD000717,CUST00198,2023-07-14,2023-07-17,Ακυρωμένη,True,3.18,0.24,Ευαίσθητο προϊόν
ORD000718,CUST00149,2023-11-22,2023-11-29,Ολοκληρωμένη,True,10.59,0.24,Γρήγορη αποστολή
ORD000719,CUST00137,2023-05-30,2023-06-03,Ακυρωμένη,True,4.67,0.24,Δώρο
ORD000720,CUST00077,2023-10-19,2023-10-26,Αποστολή,False,11.33,0.24,Δώρο
ORD000721,CUST00023,2023-10-26,2023-10-27,Ακυρωμένη,True,13.08,0.24,
ORD000722,CUST00095,2023-10-09,2023-10-10,Ολοκληρωμένη,False,3.43,0.24,Δώρο
ORD000723,CUST00008,2023-05-01,2023-05-05,Ακυρωμένη,False,11.25,0.24,Γρήγορη αποστολή
ORD000724,CUST00098,2023-08-11,2023-08-16,Εκκρεμής,True,8.17,0.24,Ευαίσθητο προϊόν
ORD000725,CUST00143,2023-07-16,2023-07-23,Αποστολή,False,4.01,0.24,Ευαίσθητο προϊόν
ORD000726,CUST00035,2023-01-06,2023-01-07,Ολοκληρωμένη,True,11.38,0.24,Γρήγορη αποστολή
ORD000727,CUST00169,2023-08-12,2023-08-14,Ολοκληρωμένη,True,10.35,0.24,Γρήγορη αποστολή
ORD000728,CUST00117,2023-12-23,2023-12-28,Ακυρωμένη,True,7.91,0.24,Γρήγορη αποστολή
ORD000729,CUST00142,2023-08-19,2023-08-23,Αποστολή,True,4.42,0.24,
ORD000730,CUST00002,2023-10-23,2023-10-27,Εκκρεμής,False,7.34,0.24,
ORD000731,CUST00148,2023-07-07,2023-07-08,Ολοκληρωμένη,False,11.16,0.24,
ORD000732,CUST00149,2023-09-04,2023-09-10,Ολοκληρωμένη,True,11.49,0.24,
ORD000733,CUST00193,2023-05-24,2023-05-28,Ολοκληρωμένη,True,5.19,0.24,
ORD000734,CUST00176,2023-11-21,2023-11-26,Αποστολή,True,13.75,0.24,
ORD000735,CUST00200,2023-01-06,2023-01-10,Ακυρωμένη,False,9.46,0.24,Δώρο
ORD000736,CUST00108,2023-06-30,2023-07-07,Αποστολή,False,4.18,0.24,
ORD000737,CUST00192,2023-06-05,2023-06-11,Αποστολή,True,10.18,0.24,
ORD000738,CUST00044,2023-10-21,2023-10-22,Αποστολή,True,5.73,0.24,
ORD000739,CUST00033,2023-09-16,2023-09-17,Αποστολή,False,3.72,0.24,Δώρο
ORD000740,CUST00071,2023-05-12,2023-05-13,Ολοκληρωμένη,True,13.83,0.24,Ευαίσθητο προϊόν
ORD000741,CUST00169,2023-08-17,2023-08-20,Εκκρεμής,False,12.17,0.24,Ευαίσθητο προϊόν
ORD000742,CUST00125,2023-04-03,2023-04-10,Ολοκληρωμένη,False,14.79,0.24,Ευαίσθητο προϊόν
ORD000743,CUST00153,2023-03-20,2023-03-27,Ακυρωμένη,False,12.01,0.24,Ευαίσθητο προϊόν
ORD000744,CUST00170,2023-08-14,2023-08-20,Εκκρεμής,True,9.51,0.24,Δώρο
ORD000745,CUST00014,2023-11-25,2023-11-28,Ολοκληρωμένη,True,4.18,0.24,Γρήγορη αποστολή
ORD000746,CUST00122,2023-06-04,2023-06-08,Εκκρεμής,False,10.89,0.24,Γρήγορη αποστολή
ORD000747,CUST00122,2023-05-15,2023-05-17,Ακυρωμένη,True,5.75,0.24,Γρήγορη αποστολή
ORD000748,CUST00098,2023-12-14,2023-12-17,Ολοκληρωμένη,True,13.93,0.24,Δώρο
ORD000749,CUST00111,2023-11-09,2023-11-15,Αποστολή,False,5.51,0.24,
ORD000750,CUST00066,2023-12-02,2023-12-07,Ακυρωμένη,False,12.05,0.24,Ευαίσθητο προϊόν
ORD000751,CUST00188,2023-12-11,2023-12-16,Εκκρεμής,False,10.81,0.24,Ευαίσθητο προϊόν
ORD000752,CUST00081,2023-10-08,2023-10-09,Ολοκληρωμένη,True,2.16,0.24,
ORD000753,CUST00135,2023-02-23,2023-03-01,Ακυρωμένη,False,4.85,0.24,Δώρο
ORD000754,CUST00065,2023-04-09,2023-04-10,Ολοκληρωμένη,True,2.74,0.24,
ORD000755,CUST00169,2023-04-22,2023-04-27,Ολοκληρωμένη,True,3.12,0.24,
ORD000756,CUST00034,2023-07-12,2023-07-18,Εκκρεμής,True,11.04,0.24,Δώρο
ORD000757,CUST00076,2023-08-28,2023-09-03,Ολοκληρωμένη,False,14.0,0.24,Δώρο
ORD000758,CUST00197,2023-08-07,2023-08-13,Αποστολή,False,4.11,0.24,
ORD000759,CUST00071,2023-02-01,2023-02-05,Ακυρωμένη,False,14.95,0.24,Δώρο
ORD000760,CUST00068,2023-04-02,2023-04-06,Ολοκληρωμένη,False,14.73,0.24,Ευαίσθητο προϊόν
ORD000761,CUST00157,2023-07-21,2023-07-23,Ακυρωμένη,True,3.87,0.24,Γρήγορη αποστολή
ORD000762,CUST00056,2023-11-11,2023-11-17,Ολοκληρωμένη,False,11.3,0.24,
ORD000763,CUST00009,2023-02-07,2023-02-08,Αποστολή,False,2.24,0.24,Γρήγορη αποστολή
ORD000764,CUST00039,2023-12-01,2023-12-07,Ολοκληρωμένη,True,10.64,0.24,Δώρο
ORD000765,CUST00039,2023-12-25,2023-12-28,Ακυρωμένη,True,8.7,0.24,Γρήγορη αποστολή
ORD000766,CUST00123,2023-08-12,2023-08-16,Ολοκληρωμένη,True,2.04,0.24,Γρήγορη αποστολή
ORD000767,CUST00032,2023-10-18,2023-10-23,Αποστολή,False,10.86,0.24,Γρήγορη αποστολή
ORD000768,CUST00015,2023-11-20,2023-11-26,Ολοκληρωμένη,False,8.95,0.24,Δώρο
ORD000769,CUST00021,2023-08-24,2023-08-31,Αποστολή,True,4.3,0.24,
ORD000770,CUST00099,2023-12-05,2023-12-07,Αποστολή,False,13.65,0.24,Δώρο
ORD000771,CUST00125,2023-02-13,2023-02-19,Ακυρωμένη,True,3.82,0.24,Ευαίσθητο προϊόν
ORD000772,CUST00007,2023-10-31,2023-11-02,Ακυρωμένη,False,2.82,0.24,
ORD000773,CUST00165,2023-06-07,2023-06-11,Ακυρωμένη,True,2.48,0.24,
ORD000774,CUST00087,2023-01-22,2023-01-26,Ολοκληρωμένη,True,12.49,0.24,
ORD000775,CUST00118,2023-12-14,2023-12-21,Εκκρεμής,True,14.02,0.24,
ORD000776,CUST00189,2023-03-14,2023-03-18,Ολοκληρωμένη,False,13.79,0.24,
ORD000777,CUST00012,2023-05-05,2023-05-11,Εκκρεμής,True,4.24,0.24,
ORD000778,CUST00079,2023-02-19,2023-02-23,Εκκρεμής,True,12.63,0.24,
ORD000779,CUST00030,2023-09-12,2023-09-17,Εκκρεμής,True,12.46,0.24,Γρήγορη αποστολή
ORD000780,CUST00087,2023-12-14,2023-12-18,Αποστολή,True,14.69,0.24,
ORD000781,CUST00140,2023-03-12,2023-03-15,Εκκρεμής,True,9.71,0.24,Δώρο
ORD000782,CUST00017,2023-03-03,2023-03-06,Εκκρεμής,False,4.18,0.24,Δώρο
ORD000783,CUST00142,2023-03-26,2023-03-30,Εκκρεμής,True,3.73,0.24,
ORD000784,CUST00097,2023-03-22,2023-03-23,Ακυρωμένη,True,2.08,0.24,Ευαίσθητο προϊόν
ORD000785,CUST00023,2023-12-28,2024-01-03,Αποστολή,False,11.02,0.24,Γρήγορη αποστολή
ORD000786,CUST00178,2023-03-06,2023-03-08,Εκκρεμής,False,8.8,0.24,Γρήγορη αποστολή
ORD000787,CUST00062,2023-03-31,2023-04-05,Ολοκληρωμένη,True,11.32,0.24,
ORD000788,CUST00023,2023-11-18,2023-11-25,Αποστολή,False,7.44,0.24,
ORD000789,CUST00061,2023-04-09,2023-04-10,Ολοκληρωμένη,False,13.22,0.24,
ORD000790,CUST00130,2023-04-23,2023-04-27,Εκκρεμής,False,2.69,0.24,
ORD000791,CUST00039,2023-12-17,2023-12-24,Ακυρωμένη,False,4.29,0.24,
ORD000792,CUST00014,2023-11-27,2023-11-30,Αποστολή,True,7.65,0.24,Δώρο
ORD000793,CUST00158,2023-08-21,2023-08-22,Ολοκληρωμένη,True,14.02,0.24,Ευαίσθητο προϊόν
ORD000794,CUST00041,2023-01-15,2023-01-19,Ολοκληρωμένη,True,13.64,0.24,Γρήγορη αποστολή
ORD000795,CUST00152,2023-10-24,2023-10-27,Ακυρωμένη,True,11.71,0.24,Δώρο
ORD000796,CUST00059,2023-02-26,2023-03-01,Εκκρεμής,True,5.08,0.24,Γρήγορη αποστολή
ORD000797,CUST00052,2023-07-12,2023-07-14,Ολοκληρωμένη,False,9.61,0.24,
ORD000798,CUST00112,2023-03-16,2023-03-18,Ακυρωμένη,True,7.04,0.24,Ευαίσθητο προϊόν
ORD000799,CUST00118,2023-04-10,2023-04-16,Αποστολή,False,4.63,0.24,Ευαίσθητο προϊόν
ORD000800,CUST00009,2023-12-21,2023-12-26,Ολοκληρωμένη,False,3.77,0.24,Γρήγορη αποστολή
ORD000801,CUST00118,2023-08-03,2023-08-05,Αποστολή,True,13.52,0.24,
ORD000802,CUST00041,2023-11-23,2023-11-28,Εκκρεμής,True,3.12,0.24,
ORD000803,CUST00126,2023-04-21,2023-04-26,Ακυρωμένη,False,5.63,0.24,Γρήγορη αποστολή
ORD000804,CUST00189,2023-05-07,2023-05-09,Αποστολή,False,9.53,0.24,
ORD000805,CUST00039,2023-10-21,2023-10-22,Ακυρωμένη,True,2.52,0.24,Γρήγορη αποστολή
ORD000806,CUST00188,2023-09-16,2023-09-17,Ακυρωμένη,False,8.23,0.24,
ORD000807,CUST00116,2023-09-11,2023-09-13,Ολοκληρωμένη,True,11.01,0.24,Γρήγορη αποστολή
ORD000808,CUST00056,2023-03-09,2023-03-12,Αποστολή,True,10.42,0.24,
ORD000809,CUST00005,2023-09-03,2023-09-09,Αποστολή,True,11.14,0.24,
ORD000810,CUST00192,2023-10-26,2023-10-27,Ακυρωμένη,False,12.03,0.24,Γρήγορη αποστολή
ORD000811,CUST00048,2023-07-09,2023-07-15,Ακυρωμένη,True,13.18,0.24,
ORD000812,CUST00099,2023-12-20,2023-12-23,Ολοκληρωμένη,False,7.54,0.24,Δώρο
ORD000813,CUST00179,2023-11-10,2023-11-15,Εκκρεμής,True,10.07,0.24,Δώρο
ORD000814,CUST00189,2023-01-29,2023-02-03,Αποστολή,True,3.44,0.24,Δώρο
ORD000815,CUST00120,2023-11-13,2023-11-14,Αποστολή,False,4.28,0.24,
ORD000816,CUST00181,2023-02-04,2023-02-09,Εκκρεμής,True,14.76,0.24,Ευαίσθητο προϊόν
ORD000817,CUST00139,2023-02-28,2023-03-06,Ακυρωμένη,True,11.79,0.24,Ευαίσθητο προϊόν
ORD000818,CUST00083,2023-06-30,2023-07-03,Ακυρωμένη,False,2.71,0.24,Δώρο
ORD000819,CUST00089,2023-08-20,2023-08-24,Ολοκληρωμένη,False,11.23,0.24,
ORD000820,CUST00075,2023-08-20,2023-08-25,Αποστολή,True,4.45,0.24,Γρήγορη αποστολή
ORD000821,CUST00023,2023-02-11,2023-02-15,Εκκρεμής,False,14.46,0.24,
ORD000822,CUST00028,2023-03-26,2023-03-29,Ολοκληρωμένη,True,8.45,0.24,Ευαίσθητο προϊόν
ORD000823,CUST00134,2023-11-18,2023-11-19,Αποστολή,False,14.6,0.24,
ORD000824,CUST00034,2023-08-31,2023-09-03,Ακυρωμένη,False,11.59,0.24,
ORD000825,CUST00075,2023-04-07,2023-04-08,Ολοκληρωμένη,True,12.85,0.24,
ORD000826,CUST00166,2023-06-21,2023-06-25,Αποστολή,False,8.32,0.24,
ORD000827,CUST00141,2023-08-16,2023-08-20,Αποστολή,True,13.68,0.24,Δώρο
ORD000828,CUST00044,2023-05-14,2023-05-16,Ακυρωμένη,False,14.62,0.24,
ORD000829,CUST00038,2023-06-30,2023-07-03,Ακυρωμένη,True,10.04,0.24,Ευαίσθητο προϊόν
ORD000830,CUST00183,2023-10-02,2023-10-05,Εκκρεμής,True,12.91,0.24,Ευαίσθητο προϊόν
ORD000831,CUST00042,2023-05-02,2023-05-03,Ολοκληρωμένη,False,9.47,0.24,Γρήγορη αποστολή
ORD000832,CUST00067,2023-07-09,2023-07-11,Εκκρεμής,True,10.65,0.24,Δώρο
ORD000833,CUST00038,2023-07-10,2023-07-14,Εκκρεμής,False,3.58,0.24,
ORD000834,CUST00104,2023-09-13,2023-09-20,Εκκρεμής,False,14.06,0.24,Ευαίσθητο προϊόν
ORD000835,CUST00002,2023-10-07,2023-10-12,Αποστολή,False,8.16,0.24,Δώρο
ORD000836,CUST00194,2023-10-21,2023-10-27,Εκκρεμής,False,6.4,0.24,
ORD000837,CUST00188,2023-09-03,2023-09-04,Εκκρεμής,True,6.01,0.24,Γρήγορη αποστολή
ORD000838,CUST00159,2023-04-23,2023-04-27,Αποστολή,True,6.24,0.24,
ORD000839,CUST00165,2023-04-10,2023-04-15,Εκκρεμής,False,4.54,0.24,
ORD000840,CUST00138,2023-08-17,2023-08-23,Ολοκληρωμένη,False,4.53,0.24,Δώρο
ORD000841,CUST00155,2023-11-06,2023-11-11,Ολοκληρωμένη,False,7.17,0.24,Γρήγορη αποστολή
ORD000842,CUST00095,2023-07-17,2023-07-20,Ολοκληρωμένη,False,6.48,0.24,Δώρο
ORD000843,CUST00115,2023-10-15,2023-10-16,Εκκρεμής,False,11.64,0.24,Γρήγορη αποστολή
ORD000844,CUST00114,2023-05-28,2023-05-30,Ακυρωμένη,False,3.81,0.24,
ORD000845,CUST00154,2023-02-14,2023-02-16,Εκκρεμής,False,8.17,0.24,
ORD000846,CUST00086,2023-02-03,2023-02-08,Ακυρωμένη,True,2.09,0.24,Δώρο
ORD000847,CUST00107,2023-03-31,2023-04-05,Ακυρωμένη,True,4.59,0.24,Γρήγορη αποστολή
ORD000848,CUST00075,2023-10-11,2023-10-15,Ολοκληρωμένη,False,12.85,0.24,Δώρο
ORD000849,CUST00127,2023-10-14,2023-10-20,Ακυρωμένη,True,2.35,0.24,
ORD000850,CUST00040,2023-05-15,2023-05-18,Ακυρωμένη,True,10.5,0.24,Δώρο
ORD000851,CUST00107,2023-04-02,2023-04-06,Εκκρεμής,True,3.55,0.24,Δώρο
ORD000852,CUST00127,2023-02-04,2023-02-09,Αποστολή,False,9.35,0.24,Δώρο
ORD000853,CUST00161,2023-12-18,2023-12-22,Ολοκληρωμένη,False,8.66,0.24,
ORD000854,CUST00005,2023-05-13,2023-05-15,Ολοκληρωμένη,True,6.16,0.24,Ευαίσθητο προϊόν
ORD000855,CUST00092,2023-03-25,2023-03-26,Αποστολή,False,7.45,0.24,Δώρο
ORD000856,CUST00013,2023-05-29,2023-06-01,Ολοκληρωμένη,True,11.96,0.24,Ευαίσθητο προϊόν
ORD000857,CUST00196,2023-02-18,2023-02-23,Εκκρεμής,False,13.34,0.24,Δώρο
ORD000858,CUST00070,2023-12-17,2023-12-23,Αποστολή,True,8.95,0.24,Δώρο
ORD000859,CUST00037,2023-01-07,2023-01-09,Αποστολή,False,12.12,0.24,Γρήγορη αποστολή
ORD000860,CUST00088,2023-03-25,2023-03-26,Εκκρεμής,True,8.54,0.24,Ευαίσθητο προϊόν
ORD000861,CUST00144,2023-11-11,2023-11-17,Ολοκληρωμένη,False,7.99,0.24,
ORD000862,CUST00030,2023-03-09,2023-03-10,Ακυρωμένη,False,6.05,0.24,Δώρο
ORD000863,CUST00036,2023-08-15,2023-08-20,Αποστολή,True,11.23,0.24,
ORD000864,CUST00191,2023-03-02,2023-03-04,Εκκρεμής,True,10.94,0.24,Δώρο
ORD000865,CUST00033,2023-04-18,2023-04-20,Ολοκληρωμένη,False,10.98,0.24,
ORD000866,CUST00020,2023-01-10,2023-01-17,Ακυρωμένη,False,2.55,0.24,
ORD000867,CUST00009,2023-12-04,2023-12-09,Ολοκληρωμένη,False,3.55,0.24,Δώρο
ORD000868,CUST00012,2023-02-03,2023-02-06,Ολοκληρωμένη,True,12.17,0.24,
ORD000869,CUST00053,2023-10-28,2023-10-30,Εκκρεμής,False,2.38,0.24,Ευαίσθητο προϊόν
ORD000870,CUST00192,2023-05-23,2023-05-28,Αποστολή,False,4.09,0.24,
ORD000871,CUST00200,2023-11-10,2023-11-12,Ολοκληρωμένη,True,12.65,0.24,
ORD000872,CUST00136,2023-04-22,2023-04-28,Εκκρεμής,False,4.23,0.24,
ORD000873,CUST00002,2023-02-20,2023-02-22,Ακυρωμένη,False,11.08,0.24,Ευαίσθητο προϊόν
ORD000874,CUST00113,2023-12-11,2023-12-12,Εκκρεμής,False,14.76,0.24,Γρήγορη αποστολή
ORD000875,CUST00055,2023-09-21,2023-09-23,Ακυρωμένη,True,11.9,0.24,Δώρο
ORD000876,CUST00032,2023-08-27,2023-08-28,Εκκρεμής,False,11.91,0.24,Δώρο
ORD000877,CUST00143,2023-01-21,2023-01-22,Αποστολή,False,3.5,0.24,Δώρο
ORD000878,CUST00117,2023-11-04,2023-11-10,Αποστολή,False,4.94,0.24,Γρήγορη αποστολή
ORD000879,CUST00075,2023-08-08,2023-08-10,Ολοκληρωμένη,False,14.21,0.24,Δώρο
ORD000880,CUST00046,2023-01-07,2023-01-13,Ακυρωμένη,True,7.15,0.24,
ORD000881,CUST00169,2023-12-13,2023-12-14,Ολοκληρωμένη,True,7.13,0.24,
ORD000882,CUST00027,2023-03-28,2023-03-29,Αποστολή,True,6.4,0.24,
ORD000883,CUST00104,2023-03-04,2023-03-06,Ακυρωμένη,False,5.62,0.24,
ORD000884,CUST00152,2023-05-20,2023-05-27,Ακυρωμένη,False,8.19,0.24,
ORD000885,CUST00104,2023-09-06,2023-09-11,Αποστολή,True,11.98,0.24,
ORD000886,CUST00032,2023-05-09,2023-05-13,Ακυρωμένη,True,10.17,0.24,Ευαίσθητο προϊόν
ORD000887,CUST00008,2023-02-20,2023-02-26,Ολοκληρωμένη,True,8.48,0.24,
ORD000888,CUST00046,2023-07-15,2023-07-20,Αποστολή,True,5.94,0.24,
ORD000889,CUST00025,2023-02-09,2023-02-15,Ακυρωμένη,False,4.63,0.24,Γρήγορη αποστολή
ORD000890,CUST00126,2023-09-16,2023-09-19,Αποστολή,True,14.38,0.24,
ORD000891,CUST00111,2023-03-02,2023-03-06,Ακυρωμένη,False,13.09,0.24,Γρήγορη αποστολή
ORD000892,CUST00118,2023-01-19,2023-01-20,Εκκρεμής,False,13.5,0.24,Ευαίσθητο προϊόν
ORD000893,CUST00126,2023-08-09,2023-08-11,Αποστολή,False,8.34,0.24,
ORD000894,CUST00146,2023-12-12,2023-12-16,Ακυρωμένη,False,9.31,0.24,Ευαίσθητο προϊόν
ORD000895,CUST00130,2023-01-29,2023-02-02,Αποστολή,False,9.68,0.24,Γρήγορη αποστολή
ORD000896,CUST00158,2023-12-13,2023-12-16,Αποστολή,False,2.8,0.24,
ORD000897,CUST00012,2023-03-07,2023-03-14,Αποστολή,False,12.52,0.24,
ORD000898,CUST00007,2023-11-17,2023-11-20,Ακυρωμένη,True,7.57,0.24,Δώρο
ORD000899,CUST00106,2023-06-29,2023-06-30,Εκκρεμής,True,5.05,0.24,Δώρο
ORD000900,CUST00152,2023-02-13,2023-02-19,Ολοκληρωμένη,False,3.49,0.24,Ευαίσθητο προϊόν
ORD000901,CUST00006,2023-10-03,2023-10-06,Ολοκληρωμένη,False,10.55,0.24,Γρήγορη αποστολή
ORD000902,CUST00146,2023-09-21,2023-09-25,Αποστολή,True,11.05,0.24,
ORD000903,CUST00006,2023-06-12,2023-06-16,Ακυρωμένη,False,9.44,0.24,Γρήγορη αποστολή
ORD000904,CUST00026,2023-12-20,2023-12-26,Εκκρεμής,False,8.46,0.24,Δώρο
ORD000905,CUST00043,2023-11-11,2023-11-14,Αποστολή,False,4.62,0.24,
ORD000906,CUST00138,2023-04-20,2023-04-23,Αποστολή,True,5.87,0.24,
ORD000907,CUST00103,2023-04-26,2023-05-01,Ολοκληρωμένη,True,9.69,0.24,Δώρο
ORD000908,CUST00018,2023-10-18,2023-10-25,Ακυρωμένη,False,4.73,0.24,
ORD000909,CUST00167,2023-06-04,2023-06-09,Αποστολή,False,10.62,0.24,Δώρο
ORD000910,CUST00052,2023-08-01,2023-08-05,Αποστολή,False,10.73,0.24,
ORD000911,CUST00047,2023-01-10,2023-01-16,Εκκρεμής,False,4.77,0.24,Γρήγορη αποστολή
ORD000912,CUST00069,2023-11-23,2023-11-28,Ακυρωμένη,True,8.79,0.24,Δώρο
ORD000913,CUST00119,2023-03-17,2023-03-19,Εκκρεμής,False,12.97,0.24,Γρήγορη αποστολή
ORD000914,CUST00082,2023-02-02,2023-02-08,Εκκρεμής,False,5.47,0.24,Δώρο
ORD000915,CUST00166,2023-03-24,2023-03-27,Εκκρεμής,False,5.1,0.24,Ευαίσθητο προϊόν
ORD000916,CUST00050,2023-01-15,2023-01-17,Αποστολή,False,8.31,0.24,Γρήγορη αποστολή
ORD000917,CUST00109,2023-11-28,2023-11-29,Εκκρεμής,True,5.55,0.24,
ORD000918,CUST00067,2023-05-23,2023-05-29,Εκκρεμής,True,14.53,0.24,Γρήγορη αποστολή
ORD000919,CUST00006,2023-01-29,2023-02-05,Ολοκληρωμένη,False,9.82,0.24,
ORD000920,CUST00105,2023-07-06,2023-07-12,Ολοκληρωμένη,False,14.26,0.24,Ευαίσθητο προϊόν
ORD000921,CUST00061,2023-02-27,2023-03-04,Ολοκληρωμένη,False,8.45,0.24,
ORD000922,CUST00061,2023-11-04,2023-11-05,Αποστολή,False,12.82,0.24,Γρήγορη αποστολή
ORD000923,CUST00192,2023-05-01,2023-05-05,Εκκρεμής,True,3.39,0.24,Ευαίσθητο προϊόν
ORD000924,CUST00071,2023-08-14,2023-08-18,Αποστολή,True,8.37,0.24,Δώρο
ORD000925,CUST00180,2023-02-27,2023-03-02,Ακυρωμένη,False,10.88,0.24,Δώρο
ORD000926,CUST00038,2023-07-05,2023-07-09,Αποστολή,False,2.27,0.24,
ORD000927,CUST00009,2023-12-06,2023-12-13,Ολοκληρωμένη,True,5.29,0.24,Γρήγορη αποστολή
ORD000928,CUST00080,2023-11-24,2023-11-30,Αποστολή,True,8.95,0.24,Ευαίσθητο προϊόν
ORD000929,CUST00114,2023-07-18,2023-07-19,Ακυρωμένη,False,5.91,0.24,Ευαίσθητο προϊόν
ORD000930,CUST00077,2023-04-18,2023-04-25,Εκκρεμής,False,10.21,0.24,Γρήγορη αποστολή
ORD000931,CUST00009,2023-05-21,2023-05-28,Ολοκληρωμένη,False,8.12,0.24,Γρήγορη αποστολή
ORD000932,CUST00086,2023-08-05,2023-08-12,Ολοκληρωμένη,True,11.08,0.24,
ORD000933,CUST00017,2023-06-30,2023-07-04,Αποστολή,False,11.04,0.24,
ORD000934,CUST00165,2023-11-25,2023-11-27,Ακυρωμένη,True,2.04,0.24,Ευαίσθητο προϊόν
ORD000935,CUST00161,2023-06-06,2023-06-09,Ολοκληρωμένη,True,4.05,0.24,
ORD000936,CUST00183,2023-11-29,2023-12-06,Εκκρεμής,False,12.3,0.24,Δώρο
ORD000937,CUST00116,2023-09-02,2023-09-09,Εκκρεμής,False,4.26,0.24,
ORD000938,CUST00084,2023-05-25,2023-05-27,Ολοκληρωμένη,False,6.78,0.24,Γρήγορη αποστολή
ORD000939,CUST00097,2023-10-20,2023-10-22,Ολοκληρωμένη,True,14.0,0.24,
ORD000940,CUST00161,2023-04-28,2023-04-29,Ακυρωμένη,True,5.4,0.24,Ευαίσθητο προϊόν
ORD000941,CUST00013,2023-07-25,2023-07-30,Ακυρωμένη,False,3.94,0.24,Δώρο
ORD000942,CUST00044,2023-10-18,2023-10-19,Ολοκληρωμένη,False,12.05,0.24,Γρήγορη αποστολή
ORD000943,CUST00173,2023-09-11,2023-09-12,Εκκρεμής,True,4.48,0.24,Δώρο
ORD000944,CUST00074,2023-09-11,2023-09-15,Εκκρεμής,False,13.13,0.24,
ORD000945,CUST00056,2023-05-25,2023-05-31,Εκκρεμής,False,4.34,0.24,Ευαίσθητο προϊόν
ORD000946,CUST00008,2023-05-29,2023-06-01,Εκκρεμής,False,13.8,0.24,Δώρο
ORD000947,CUST00150,2023-12-17,2023-12-23,Ακυρωμένη,True,2.13,0.24,Ευαίσθητο προϊόν
ORD000948,CUST00083,2023-12-21,2023-12-25,Εκκρεμής,False,11.21,0.24,
ORD000949,CUST00066,2023-02-07,2023-02-08,Ολοκληρωμένη,True,6.33,0.24,Ευαίσθητο προϊόν
ORD000950,CUST00121,2023-07-01,2023-07-06,Ολοκληρωμένη,True,5.3,0.24,
ORD000951,CUST00098,2023-06-04,2023-06-08,Αποστολή,True,14.58,0.24,
ORD000952,CUST00011,2023-10-25,2023-10-27,Αποστολή,True,8.55,0.24,Δώρο
ORD000953,CUST00120,2023-03-09,2023-03-10,Αποστολή,False,3.84,0.24,
ORD000954,CUST00081,2023-01-23,2023-01-25,Ακυρωμένη,False,11.72,0.24,Γρήγορη αποστολή
ORD000955,CUST00073,2023-05-15,2023-05-20,Αποστολή,False,7.67,0.24,Ευαίσθητο προϊόν
ORD000956,CUST00081,2023-09-09,2023-09-16,Εκκρεμής,False,2.69,0.24,Ευαίσθητο προϊόν
ORD000957,CUST00014,2023-04-28,2023-04-30,Ολοκληρωμένη,False,5.38,0.24,Γρήγορη αποστολή
ORD000958,CUST00112,2023-03-01,2023-03-05,Ολοκληρωμένη,False,6.63,0.24,
ORD000959,CUST00125,2023-08-23,2023-08-27,Ολοκληρωμένη,True,3.61,0.24,
ORD000960,CUST00053,2023-05-26,2023-05-28,Εκκρεμής,False,9.32,0.24,
ORD000961,CUST00055,2023-10-26,2023-10-27,Εκκρεμής,False,13.97,0.24,Ευαίσθητο προϊόν
ORD000962,CUST00197,2023-09-13,2023-09-19,Ολοκληρωμένη,False,2.34,0.24,
ORD000963,CUST00101,2023-07-11,2023-07-16,Ολοκληρωμένη,False,4.0,0.24,
ORD000964,CUST00118,2023-12-29,2024-01-04,Ακυρωμένη,False,10.17,0.24,Δώρο
ORD000965,CUST00153,2023-12-03,2023-12-04,Αποστολή,True,10.53,0.24,Γρήγορη αποστολή
ORD000966,CUST00084,2023-10-19,2023-10-21,Εκκρεμής,True,12.42,0.24,Δώρο
ORD000967,CUST00083,2023-01-29,2023-02-04,Ολοκληρωμένη,False,3.2,0.24,Δώρο
ORD000968,CUST00046,2023-05-03,2023-05-10,Ακυρωμένη,True,2.27,0.24,Ευαίσθητο προϊόν
ORD000969,CUST00042,2023-07-18,2023-07-25,Ακυρωμένη,False,10.41,0.24,Ευαίσθητο προϊόν
ORD000970,CUST00031,2023-06-02,2023-06-06,Ακυρωμένη,False,13.75,0.24,
ORD000971,CUST00034,2023-07-03,2023-07-09,Ολοκληρωμένη,False,8.66,0.24,Γρήγορη αποστολή
ORD000972,CUST00115,2023-07-18,2023-07-22,Αποστολή,False,3.17,0.24,Γρήγορη αποστολή
ORD000973,CUST00095,2023-11-11,2023-11-13,Ακυρωμένη,False,3.21,0.24,
ORD000974,CUST00088,2023-08-26,2023-09-01,Εκκρεμής,True,14.1,0.24,
ORD000975,CUST00162,2023-11-28,2023-12-03,Ολοκληρωμένη,False,8.09,0.24,
ORD000976,CUST00123,2023-06-03,2023-06-05,Εκκρεμής,False,12.94,0.24,
ORD000977,CUST00110,2023-06-01,2023-06-06,Ολοκληρωμένη,True,13.92,0.24,
ORD000978,CUST00028,2023-09-19,2023-09-23,Ακυρωμένη,True,8.04,0.24,
ORD000979,CUST00065,2023-07-01,2023-07-04,Ολοκληρωμένη,True,3.48,0.24,Γρήγορη αποστολή
ORD000980,CUST00046,2023-04-04,2023-04-11,Ακυρωμένη,True,3.08,0.24,Δώρο
ORD000981,CUST00081,2023-10-28,2023-11-03,Ακυρωμένη,False,10.11,0.24,Δώρο
ORD000982,CUST00088,2023-04-06,2023-04-08,Εκκρεμής,True,11.71,0.24,
ORD000983,CUST00067,2023-12-11,2023-12-12,Ακυρωμένη,True,2.08,0.24,
ORD000984,CUST00004,2023-03-29,2023-04-04,Ακυρωμένη,False,10.99,0.24,
ORD000985,CUST00186,2023-09-07,2023-09-10,Αποστολή,False,12.46,0.24,
ORD000986,CUST00033,2023-03-11,2023-03-12,Εκκρεμής,True,12.61,0.24,Ευαίσθητο προϊόν
ORD000987,CUST00007,2023-04-18,2023-04-22,Εκκρεμής,True,7.67,0.24,
ORD000988,CUST00049,2023-02-14,2023-02-17,Ακυρωμένη,True,8.16,0.24,
ORD000989,CUST00030,2023-03-27,2023-03-29,Ακυρωμένη,False,8.13,0.24,Γρήγορη αποστολή
ORD000990,CUST00150,2023-05-05,2023-05-07,Αποστολή,False,2.66,0.24,
ORD000991,CUST00027,2023-11-19,2023-11-26,Ακυρωμένη,False,13.03,0.24,
ORD000992,CUST00153,2023-10-11,2023-10-14,Ολοκληρωμένη,False,7.2,0.24,
ORD000993,CUST00152,2023-11-10,2023-11-16,Ακυρωμένη,True,11.29,0.24,
ORD000994,CUST00005,2023-08-05,2023-08-10,Αποστολή,True,5.48,0.24,Γρήγορη αποστολή
ORD000995,CUST00122,2023-03-01,2023-03-05,Αποστολή,False,11.07,0.24,
ORD000996,CUST00042,2023-05-28,2023-06-03,Εκκρεμής,False,6.47,0.24,Ευαίσθητο προϊόν
ORD000997,CUST00130,2023-04-23,2023-04-28,Αποστολή,False,3.71,0.24,Δώρο
ORD000998,CUST00186,2023-12-31,2024-01-04,Ακυρωμένη,False,12.35,0.24,Ευαίσθητο προϊόν
ORD000999,CUST00160,2023-04-17,2023-04-20,Ολοκληρωμένη,False,3.68,0.24,Ευαίσθητο προϊόν
ORD001000,CUST00041,2023-11-07,2023-11-11,Ολοκληρωμένη,False,14.26,0.24,Γρήγορη αποστολή
